fecha,trigo,maiz,sorgo,girasol,soja
02/01/2020,1037000,834000,770000,1371000,1536000
03/01/2020,1050000,834600,770000,1371000,1510000
06/01/2020,1055000,850000,770000,1371000,1540000
07/01/2020,1055000,864000,770000,1371000,1520000
08/01/2020,1060000,870000,770000,1389000,1520000
09/01/2020,1073000,894000,770000,1389000,1538000
10/01/2020,1079000,900000,770000,1401000,1550000
13/01/2020,1135000,920000,770000,1434000,1553500
14/01/2020,1155000,922000,780000,1437000,1560000
15/01/2020,1159000,934000,780000,1434000,1555000
16/01/2020,1155000,927000,780000,1434600,1550000
20/01/2020,1150000,939000,790000,1450000,1555000
21/01/2020,1190000,958000,800000,1467500,1540000
22/01/2020,1200000,958000,810000,1496000,1545000
23/01/2020,1220000,958000,810000,1440000,1557000
24/01/2020,1230000,930000,810000,1468000,1530000
27/01/2020,1210000,906000,810000,1475000,1525000
28/01/2020,1220000,910000,810000,1475000,1529500
29/01/2020,1218500,906500,810000,1500000,1510000
30/01/2020,1200000,900800,810000,1470000,1501000
31/01/2020,1185000,910000,810000,1473000,1480000
03/02/2020,1185000,914000,810000,1480000,1479000
04/02/2020,1200000,905700,815000,1490000,1479300
05/02/2020,1200000,905500,810000,1480000,1490000
06/02/2020,1202000,907000,810000,1482000,1495000
07/02/2020,1190000,909000,815000,1485000,1510000
10/02/2020,1200000,918000,815000,1490000,1510000
11/02/2020,1204000,922000,820000,1492500,1495000
12/02/2020,1202000,938000,820000,1495000,1515000
13/02/2020,1200000,930000,820000,1500000,1517500
14/02/2020,1207000,907000,820000,1500000,1513000
17/02/2020,1195000,897000,820000,1506000,1515000
18/02/2020,1192000,873000,820000,1500000,1530000
19/02/2020,1190000,861500,820000,1507500,1505000
20/02/2020,1201000,862000,820000,1480000,1478000
21/02/2020,1193000,850000,820000,1480000,1450500
26/02/2020,1200000,817000,820000,1485000,1350000
27/02/2020,1205000,805000,820000,1486500,1352000
28/02/2020,1221500,809000,820000,1488000,1370000
02/03/2020,1240000,813000,810000,1420000,1370000
04/03/2020,1212000,845000,808000,1390000,1436000
05/03/2020,1220000,835000,810000,1430000,1430000
06/03/2020,1215000,830000,810000,1432500,1420000
09/03/2020,1215000,816500,815000,1402500,1384000
10/03/2020,1205000,842000,815000,1390000,1384000
11/03/2020,1212000,872000,815000,1387000,1385000
12/03/2020,1200000,852000,815000,1390000,1378000
13/03/2020,1195000,860000,796500,1390000,1379000
16/03/2020,1194000,848000,798000,1382000,1349000
17/03/2020,1190000,850000,800000,1385000,1354000
18/03/2020,1190000,820500,800000,1385000,1385000
19/03/2020,1204000,850000,792000,1387000,1393000
20/03/2020,1208000,875000,800000,1400000,1345000
25/03/2020,1225000,916000,850000,1417000,1402000
26/03/2020,1240000,941000,832000,1434000,1415000
30/03/2020,1253000,920000,867600,1452500,1427000
01/04/2020,1265000,902000,868500,1454000,1370000
02/04/2020,1269000,930000,871000,1480000,1374000
03/04/2020,1262000,925000,900000,1488000,1380000
06/04/2020,1263500,895000,900000,1490000,1350000
07/04/2020,1265000,876000,900000,1524500,1362500
09/04/2020,1285000,890000,877000,1546000,1350000
13/04/2020,1271000,858000,912500,1564000,1336000
14/04/2020,1273000,860000,910000,1567000,1365000
15/04/2020,1276000,850000,916000,1570000,1373800
16/04/2020,1278000,845000,917500,1573000,1376300
17/04/2020,1280000,822000,886500,1576000,1390000
20/04/2020,1290000,803000,888000,1579000,1358000
21/04/2020,1300000,785000,882000,1581000,1361000
22/04/2020,1305000,792500,890000,1585000,1370000
23/04/2020,1290000,795000,880000,1587000,1362500
24/04/2020,1291500,788000,880000,1589500,1367000
27/04/2020,1280000,795000,895500,1600000,1360000
28/04/2020,1275500,796000,897000,1600000,1365000
29/04/2020,1270000,798600,898000,1600000,1371000
30/04/2020,1266000,810000,890000,1600000,1399500
04/05/2020,1260000,810000,893500,1601500,1380000
05/05/2020,1245000,815000,900000,1603000,1415000
06/05/2020,1245000,803000,900000,1606000,1400000
07/05/2020,1240000,814000,900000,1608000,1417000
08/05/2020,1240000,815000,900000,1610000,1441000
12/05/2020,1211000,821000,908000,1615000,1460000
13/05/2020,1212000,821500,910000,1630000,1465000
14/05/2020,1190000,814000,915000,1640000,1463000
15/05/2020,1170000,820000,910000,1650000,1465000
18/05/2020,1150000,804000,912500,1657000,1463000
19/05/2020,1151000,799000,906000,1659000,1465000
20/05/2020,1147000,791700,908000,1661000,1490000
21/05/2020,1154000,775000,910000,1663000,1460000
22/05/2020,1150000,776000,918000,1665500,1470000
26/05/2020,1170000,769000,919000,1668000,1477000
27/05/2020,1172000,772500,920000,1670500,1480000
28/05/2020,1180000,798500,920000,1672000,1475000
29/05/2020,1190000,807000,922500,1675000,1477000
01/06/2020,1198000,800000,924000,1676500,1493000
02/06/2020,1198000,808000,925000,1678500,1505000
03/06/2020,1200000,817000,926000,1681000,1512000
04/06/2020,1210000,830000,930000,1683000,1536000
05/06/2020,1225000,840000,930000,1685000,1525000
08/06/2020,1225000,845000,964300,1684000,1525000
09/06/2020,1235000,857000,965500,1696000,1525000
10/06/2020,1243000,877000,967000,1699000,1530000
11/06/2020,1244000,868000,967000,1699000,1533000
12/06/2020,1245000,870000,968000,1700000,1535000
16/06/2020,1249500,870000,970000,1701000,1530000
17/06/2020,1245000,851000,1000000,1702000,1540000
18/06/2020,1245000,870000,1010000,1720000,1550000
22/06/2020,1250000,850000,1010000,1723000,1570000
23/06/2020,1250000,855000,1012500,1746000,1575000
24/06/2020,1280000,865000,1013500,1748000,1560000
25/06/2020,1290000,860000,1015000,1749000,1550000
29/06/2020,1298000,870000,1018000,1760000,1534000
30/06/2020,1298000,895000,1033000,1791500,1562000
01/07/2020,1315000,914000,1005000,1793000,1590000
02/07/2020,1315000,895000,1055000,1795000,1600000
03/07/2020,1320000,873500,1056000,1845000,1600000
06/07/2020,1335000,890000,1060000,1845000,1602000
07/07/2020,1350000,884000,1060000,1845000,1625000
08/07/2020,1358000,895000,1060000,1846500,1634000
13/07/2020,1385000,888000,1060000,1854000,1605500
14/07/2020,1386400,892000,1066500,1856000,1635000
15/07/2020,1400000,909000,1067400,1857500,1640000
16/07/2020,1400000,926000,1068000,1859000,1670000
17/07/2020,1410000,934000,1069000,1890000,1680000
20/07/2020,1400000,936000,1072000,1893000,1685000
21/07/2020,1400000,937000,1073000,1895000,1695000
22/07/2020,1400000,945000,1074000,1905000,1704000
23/07/2020,1395000,990000,1075000,1913000,1727000
24/07/2020,1395000,990000,1090000,1922000,1730000
27/07/2020,1370000,978000,1078000,1940000,1732000
28/07/2020,1360000,935000,1079000,1942000,1720000
29/07/2020,1368000,940000,1080000,1944000,1727000
30/07/2020,1369000,958000,1116000,1945000,1725000
31/07/2020,1380000,974000,1115000,1947000,1735000
03/08/2020,1374000,942500,1121000,1952000,1735000
04/08/2020,1375000,948000,1143000,1954000,1722500
05/08/2020,1376000,941000,1122500,1955000,1730000
06/08/2020,1370000,950000,1124000,1957000,1739000
07/08/2020,1340000,940000,1125000,1959000,1734000
10/08/2020,1340000,975000,1127000,1964500,1750000
11/08/2020,1360000,985000,1129000,1965000,1740000
12/08/2020,1360000,1010000,1129000,1967000,1751000
13/08/2020,1360000,1025000,1130000,1969000,1785000
14/08/2020,1357000,1021400,1167300,1970000,1776000
18/08/2020,1365000,1038000,1171200,1976000,1800000
19/08/2020,1370000,1045000,1172500,1980000,1800000
20/08/2020,1375000,1060000,1173000,1980000,1791000
21/08/2020,1390000,1064000,1174000,1981500,1783000
24/08/2020,1410000,1070000,1170000,1985000,1797000
25/08/2020,1410000,1104000,1175000,1987500,1830000
26/08/2020,1420000,1105000,1179000,1989000,1840000
27/08/2020,1430000,1110000,1180000,2000000,1860000
28/08/2020,1431000,1122000,1181000,2002000,1880000
31/08/2020,1434000,1125000,1191000,2007000,1900000
01/09/2020,1444000,1133000,1191000,2005000,1905000
02/09/2020,1450000,1126000,1186000,2030000,1912000
03/09/2020,1460000,1124000,1187000,2040000,1914000
04/09/2020,1450000,1150500,1200000,2004400,1923000
07/09/2020,1460000,1135000,1200000,2025000,1930000
08/09/2020,1470000,1140000,1229000,2086000,1938000
09/09/2020,1475000,1141000,1230000,2088000,1955000
10/09/2020,1471000,1167000,1306000,2090000,1965000
11/09/2020,1471000,1190000,1345000,2092000,2002000
14/09/2020,1471000,1190000,1345000,2098000,2012000
15/09/2020,1471000,1200000,1425000,2100000,2018000
16/09/2020,1475000,1208000,1426000,2101500,2070000
17/09/2020,1480000,1241000,1427000,2140000,2101000
18/09/2020,1488000,1281000,1420000,2180000,2165000
21/09/2020,1492000,1247000,1432500,2224000,2140000
22/09/2020,1495000,1249000,1456000,2263500,2165000
23/09/2020,1500000,1254000,1457500,2266000,2180000
24/09/2020,1474000,1237000,1473000,2267500,2110000
25/09/2020,1475000,1222000,1460000,2269500,2130000
28/09/2020,1500000,1221000,1464000,2276000,2110000
29/09/2020,1500000,1215000,1465000,2300000,2110000
30/09/2020,1481500,1257000,1466500,2310000,2203000
01/10/2020,1500000,1295000,1500000,2330000,2285000
02/10/2020,1510000,1308000,1520000,2370000,2310000
05/10/2020,1536200,1314000,1536200,2381000,2310000
06/10/2020,1537600,1345000,1535000,2383000,2355000
07/10/2020,1538200,1350000,1538000,2384000,2380000
08/10/2020,1546000,1385000,1538200,2384000,2392000
09/10/2020,1540000,1393000,1539000,2385500,2420000
13/10/2020,1560000,1395000,1545000,2394000,2410000
14/10/2020,1565000,1400000,1546000,2396000,2440000
15/10/2020,1585000,1430000,1546000,2396000,2460000
16/10/2020,1624000,1480000,1546000,2400000,2470000
19/10/2020,1630000,1513000,1547500,2400000,2501000
20/10/2020,1666000,1549600,1550000,2500000,2550000
21/10/2020,1700000,1580000,1551000,2600000,2595000
22/10/2020,1713000,1610000,1635000,2725000,2640000
23/10/2020,1750000,1586000,1636500,2800000,2653500
26/10/2020,1750000,1547000,1639000,2810000,2662000
27/10/2020,1750000,1554000,1640000,2890000,2660000
28/10/2020,1690000,1523000,1640000,2890000,2610000
29/10/2020,1648000,1484000,1640000,2905000,2609000
30/10/2020,1630000,1468000,1640000,2851000,2523000
02/11/2020,1630000,1475000,1648000,2865000,2515000
03/11/2020,1635000,1495000,1653000,2865000,2560000
04/11/2020,1630000,1490000,1655000,2850000,2612000
05/11/2020,1657000,1500000,1657000,2850000,2655000
06/11/2020,1657000,1490000,1657000,2825000,2640000
09/11/2020,1686000,1503700,1655000,2780000,2665000
10/11/2020,1710000,1545000,1660000,2773000,2715000
11/11/2020,1710000,1546000,1660000,2775000,2740000
12/11/2020,1710000,1546000,1660000,2778000,2730000
13/11/2020,1710300,1550000,1670000,2784000,2760000
16/11/2020,1720000,1555500,1675000,2792000,2775000
17/11/2020,1716500,1560000,1677000,2795000,2810000
18/11/2020,1719000,1599000,1679000,2850000,2839000
19/11/2020,1705000,1599000,1682000,2900000,2830000
20/11/2020,1667000,1600000,1683100,2965500,2837300
24/11/2020,1634000,1570000,1690000,2978500,2777000
25/11/2020,1644000,1571500,1692000,2982000,2780000
26/11/2020,1655000,1573500,1694500,2985500,2784000
27/11/2020,1690000,1579000,1860000,3073000,2790000
30/11/2020,1703000,1581500,1865500,3125000,2737500
01/12/2020,1714000,1588000,1787000,3127500,2758000
02/12/2020,1735500,1590000,1788500,3170000,2707000
03/12/2020,1741000,1600000,1790000,3180000,2732000
04/12/2020,1750000,1610000,1830000,3210000,2687000
09/12/2020,1770000,1620000,1830000,3273600,2665000
10/12/2020,1835000,1640000,1830000,3280000,2671000
11/12/2020,1845000,1640000,1805000,3300000,2703000
14/12/2020,1805000,1635000,1790000,3330000,2725000
15/12/2020,1812000,1626000,1790000,3334000,2763000
16/12/2020,1830000,1635000,1730000,3363000,2785000
17/12/2020,1848000,1650000,1700000,3367000,2763000
18/12/2020,1859000,1661000,1700000,3388000,2760000
21/12/2020,1870000,1665000,1700500,3400000,2780000
22/12/2020,1870000,1660000,1705000,3405000,2796000
23/12/2020,1883500,1655000,1720000,3410000,2830000
28/12/2020,1905000,1670000,1740000,3450000,2846000
29/12/2020,1905000,1715000,1744000,3470000,2883000
30/12/2020,1900000,1700000,1744000,3484000,2888000
04/01/2021,1910000,1690000,1750000,3550000,2915000
05/01/2021,1904000,1692000,1760000,3595000,2944000
06/01/2021,1900000,1670000,1762000,3640000,2944000
07/01/2021,1910000,1695000,1781000,3730000,2915000
08/01/2021,1930000,1700000,1785000,3821000,2945000
11/01/2021,1930000,1735000,1788000,3960500,2955000
12/01/2021,1978000,1740000,1790000,3922500,3000000
13/01/2021,1980000,1792500,1792500,3970000,3005000
14/01/2021,1988000,1820000,1794000,3973000,3033000
15/01/2021,2005000,1796500,1796000,3995000,3002500
18/01/2021,2027000,1786500,1803500,4036500,3014000
19/01/2021,2027000,1815000,1806000,4042500,2950000
20/01/2021,2033000,1792000,1826500,4049000,2935000
21/01/2021,2027000,1767500,1828000,4035000,2910000
22/01/2021,2004000,1730000,1831000,4016000,2830000
25/01/2021,1968000,1734000,1838000,3990000,2844000
26/01/2021,1965000,1780000,1845000,3980000,2870000
27/01/2021,1930000,1738000,1851000,3980000,2835000
28/01/2021,1920000,1740000,1860000,3980000,2854000
29/01/2021,1920000,1743000,1873000,4182000,2875000
01/02/2021,1927000,1748000,1879000,4020000,2880000
02/02/2021,1915000,1765000,1881000,4025000,2887500
03/02/2021,1905000,1770000,1885000,4029500,2917000
04/02/2021,1910000,1791000,1875000,4035000,2912000
05/02/2021,1890000,1791000,1850000,3995000,2910000
08/02/2021,1900000,1817000,1850000,4047000,2900000
09/02/2021,1887000,1795000,1849000,4007000,2920000
10/02/2021,1890000,1763000,1851000,4010000,2855000
11/02/2021,1890000,1765000,1853000,3972000,2900000
12/02/2021,1870000,1767000,1855000,3975000,2910000
17/02/2021,1863500,1815000,1908000,3993500,2937500
18/02/2021,1884000,1817000,1910500,3998700,2915000
19/02/2021,1868000,1805000,1912000,4002000,2935000
22/02/2021,1892000,1784500,1918000,4015000,2920000
23/02/2021,1876000,1831000,1930000,4020000,2955000
24/02/2021,1879000,1790000,1942000,4026500,2962000
25/02/2021,1890000,1768000,1952000,4030000,2935000
26/02/2021,1875000,1770000,1963000,4033000,2937000
01/03/2021,1885000,1744000,1977500,4045000,2925000
02/03/2021,1925000,1736000,1979000,4048000,2944000
03/03/2021,1917000,1712000,1980000,4051500,2935000
04/03/2021,1930000,1721000,1982000,4054000,2973000
05/03/2021,1930000,1768000,1984000,4058000,2976000
08/03/2021,1945000,1744000,1988000,4070000,2980000
09/03/2021,1950000,1762000,1990000,4071000,2996000
10/03/2021,1955000,1737000,1991500,4090000,2987000
11/03/2021,1950000,1740000,1993000,4090000,3000000
12/03/2021,1950000,1731500,1995000,4090000,3000000
15/03/2021,1955000,1772000,2020000,4100000,3027000
16/03/2021,1964000,1818500,2027000,4110000,3037000
17/03/2021,1965600,1818500,2029000,4110000,3012000
18/03/2021,1958500,1790000,2095000,4110000,3005000
19/03/2021,1969000,1823200,2095000,4110000,3030000
22/03/2021,1974000,1809000,2101500,4130000,3024000
23/03/2021,1995000,1829000,2103000,4160000,3036000
25/03/2021,2010000,1830000,2106000,4165000,3022000
26/03/2021,2000000,1840000,2107000,4197000,3010000
29/03/2021,1955000,1798000,2109500,4200000,2990000
30/03/2021,1950000,1780000,2100000,4203000,2945000
31/03/2021,1925000,1845000,2110000,4223000,3060000
05/04/2021,1930000,1841000,2100000,4417900,2991000
06/04/2021,1930000,1850000,2100000,4420000,3011000
07/04/2021,1930000,1870000,2100000,4422000,2980000
08/04/2021,1940000,1927000,2100000,4425000,3005000
09/04/2021,1948000,1928000,2094000,4427500,2999000
12/04/2021,1950000,1894000,2078500,4427500,2956000
13/04/2021,1945000,1939000,2079400,4340000,2978000
14/04/2021,1940000,1935000,2080500,4300000,3024000
15/04/2021,1940000,1941500,2035000,4200000,3025000
16/04/2021,1944800,1940000,2080000,4170000,3074600
19/04/2021,1960000,1960000,2040000,4175000,3069000
20/04/2021,1962000,1962000,2041000,4174000,3131000
21/04/2021,1968000,1976000,2023000,4177000,3156000
22/04/2021,1990000,1995000,2023000,4179000,3232000
23/04/2021,1998000,1996000,1998000,4163000,3238000
26/04/2021,2040000,1983000,1990000,4140000,3225000
27/04/2021,2040000,1993000,1960000,4116000,3175000
28/04/2021,2035000,2005000,1958000,4150000,3170000
29/04/2021,2052000,2006000,1959000,4199000,3100000
30/04/2021,2050000,2054000,1959000,4199000,3081000
03/05/2021,2056000,2094000,1962000,4205000,3090000
04/05/2021,2104000,2155000,1964000,4208000,3142000
05/05/2021,2105000,2227000,1950000,4210000,3170000
06/05/2021,2150000,2230000,1918500,4211500,3230000
07/05/2021,2193000,2294000,1900000,4215000,3300000
10/05/2021,2140000,2230000,1910000,4218000,3280000
11/05/2021,2155000,2280000,1910000,4219000,3350000
12/05/2021,2157000,2204000,1910000,4220000,3395000
13/05/2021,2158000,2092000,1876000,4221000,3237000
14/05/2021,2159000,2017500,1877000,4223000,3232000
17/05/2021,2161000,2022000,1879000,4227000,3260000
18/05/2021,2161000,2020000,1879000,4229000,3255000
19/05/2021,2160000,1973000,1880000,4230000,3240000
20/05/2021,2130000,2020000,1880000,4232000,3235000
21/05/2021,2070000,1976000,1881000,4233000,3292500
26/05/2021,2050000,1910000,1838500,4243000,3205500
27/05/2021,2060000,2028000,1839400,4245000,3254300
28/05/2021,2066500,1981500,1840000,4246000,3199000
31/05/2021,2070000,1957000,1796000,4254000,3205000
01/06/2021,2070000,2032500,1749000,4254000,3235000
02/06/2021,2070000,1986000,1749500,4210000,3215000
03/06/2021,2072000,1970000,1740000,4210000,3177000
04/06/2021,2083000,1990000,1750000,4213000,3171000
07/06/2021,2083000,1950000,1735000,4218000,3162000
08/06/2021,2086000,1972000,1725000,4219000,3167000
09/06/2021,2087000,1945000,1727000,4220000,3150000
10/06/2021,2088000,1955000,1727000,4223500,3110000
11/06/2021,2070000,1915000,1727000,4225000,3040000
14/06/2021,2065000,1837000,1730000,4230000,2997000
15/06/2021,2050000,1815000,1712000,4185000,2998000
16/06/2021,2030000,1815000,1712000,4185000,2998000
17/06/2021,2000000,1742000,1713000,3997000,2855100
18/06/2021,1995000,1789000,1713000,3810000,2950000
22/06/2021,1950000,1770000,1715000,3700000,2954000
23/06/2021,1955000,1760000,1716000,3336000,2955000
24/06/2021,1950000,1764000,1716300,3242000,2917000
25/06/2021,1910000,1765000,1717000,3200000,2910000
28/06/2021,1910000,1780000,1719000,3200000,2960000
29/06/2021,1910000,1790000,1719000,3200000,2940000
30/06/2021,1910000,1824500,1719500,3200000,3037500
01/07/2021,1921000,1840000,1720000,3249000,3068000
02/07/2021,1931000,1811500,1720500,3250000,3106000
05/07/2021,1933000,1810000,1722000,3253000,3115000
06/07/2021,1935000,1704000,1722000,3254000,3000000
07/07/2021,1940000,1725000,1723000,3255000,3050000
08/07/2021,1940000,1735000,1724000,3257000,3068000
12/07/2021,1949000,1752000,1726000,3260000,3121500
13/07/2021,1966000,1796000,1726500,3261000,3165000
14/07/2021,1990000,1919000,1680000,3310000,3180000
15/07/2021,2000000,1850000,1680000,3320000,3190000
16/07/2021,2015000,1855000,1680000,3330000,3250000
19/07/2021,2020000,1810000,1586000,3360000,3180000
20/07/2021,2020000,1810000,1587000,3360000,3230000
21/07/2021,2020000,1850000,1587000,3360000,3231000
22/07/2021,2020000,1790000,1587500,3367000,3185000
23/07/2021,2021000,1780000,1587500,3367000,3185000
26/07/2021,2023000,1754000,1589000,3372000,3180000
27/07/2021,2023000,1783000,1590000,3373000,3202000
28/07/2021,2023000,1755000,1591000,3375000,3205000
29/07/2021,2000000,1800000,1592000,3424000,3240000
30/07/2021,1978000,1805000,1592000,3473000,3194000
02/08/2021,2107000,1815000,1595000,3525000,3220000
03/08/2021,2070000,1830000,1594000,3530000,3188000
04/08/2021,2029000,1836000,1595000,3575000,3198000
05/08/2021,2098000,1837000,1576000,3578000,3239000
06/08/2021,2120000,1847000,1576000,3578000,3240000
09/08/2021,2125000,1840000,1578000,3582000,3195000
10/08/2021,2130000,1840000,1590000,3630000,3245000
11/08/2021,2179000,1850000,1590000,3660000,3260000
12/08/2021,2228000,1898000,1590000,3680000,3290000
13/08/2021,2258000,1915000,1598000,3700000,3320000
17/08/2021,2203000,1844000,1600000,3726000,3338000
18/08/2021,2203000,1844000,1601500,3785000,3353000
19/08/2021,2204000,1796000,1602000,3883000,3301000
20/08/2021,2204000,1796500,1602000,3885000,3320000
23/08/2021,2206500,1810000,1604000,3888000,3305000
24/08/2021,2200000,1848000,1605000,3890000,3360000
25/08/2021,2218000,1858000,1605000,3891000,3371000
26/08/2021,2230000,1860000,1606000,3893000,3397000
30/08/2021,2243000,1784500,1609000,4096000,3276000
31/08/2021,2235000,1805000,1609400,4097000,3275000
01/09/2021,2235000,1815000,1600000,4098000,3255000
02/09/2021,2236000,1855000,1611000,4100000,3290000
03/09/2021,2246000,1860000,1611500,4060000,3330000
06/09/2021,2246000,1855000,1613000,4025000,3325000
07/09/2021,2250000,1868000,1513500,4010000,3300000
08/09/2021,2250000,1897000,1614000,4010000,3326000
09/09/2021,2250000,1908000,1614500,4012000,3327000
10/09/2021,2251500,1912000,1615000,4013500,3330000
13/09/2021,2254000,1913800,1666000,4017500,3361000
14/09/2021,2254000,1940000,1666000,4020000,3395000
15/09/2021,2255000,1962000,1618000,4120000,3431500
16/09/2021,2256000,1982000,1640000,4220000,3435000
17/09/2021,2270000,1968000,1646000,4300000,3436000
20/09/2021,2270000,2005000,1670000,4400000,3380000
21/09/2021,2270000,1990000,1641000,4420000,3410000
22/09/2021,2280000,1990000,1641000,4472000,3440000
23/09/2021,2311000,1996000,1640000,4524000,3442000
24/09/2021,2360000,2016000,1672000,4544000,3443000
27/09/2021,2333000,2017000,1673000,4567000,3446000
28/09/2021,2363000,1999000,1674000,4569000,3397000
29/09/2021,2365000,2020000,1675000,4600000,3405000
30/09/2021,2365000,1990000,1675000,4602000,3390000
01/10/2021,2396000,1942000,1676000,4605000,3382000
04/10/2021,2407000,1934000,1677000,4617000,3384000
05/10/2021,2418000,1924500,1678000,4637000,3414000
06/10/2021,2418500,1925000,1678000,4640000,3415000
07/10/2021,2419000,1960000,1678500,4600000,3445000
12/10/2021,2423000,1875000,1681000,4600000,3365000
13/10/2021,2374000,1830000,1680000,4600000,3403000
14/10/2021,2355000,1855000,1682000,4602000,3460000
15/10/2021,2375500,1881000,1682500,4603000,3474000
18/10/2021,2280000,1900000,1684000,4610000,3487000
19/10/2021,2280000,1910000,1685000,4610000,3518500
21/10/2021,2271000,1920000,1655000,4800000,3510000
22/10/2021,2271500,1920000,1655000,4800000,3490000
25/10/2021,2273500,1900000,1638000,4800000,3504500
26/10/2021,2250000,1900000,1639500,4800000,3500000
27/10/2021,2280000,1900000,1641000,4800000,3495000
28/10/2021,2280000,1900000,1641500,4760000,3492000
29/10/2021,2290000,1911000,1642000,4730000,3485000
01/11/2021,2316000,1923000,1643000,4730000,3505000
02/11/2021,2392000,1923000,1670000,4730000,3522000
03/11/2021,2363000,1935000,1695000,4730000,3515000
04/11/2021,2434000,1915000,1695000,4730000,3462000
05/11/2021,2400000,1912000,1685000,4730000,3430000
08/11/2021,2407000,1947500,1698000,4730000,3400000
09/11/2021,2418000,1998000,1698500,4731500,3453000
10/11/2021,2448000,1999000,1799000,4731500,3475000
11/11/2021,2429000,1999500,1799500,4718000,3478000
12/11/2021,2410000,2000000,1800000,4720000,3510000
15/11/2021,2365000,2002000,1801000,4723000,3590000
16/11/2021,2370000,2005000,1802000,4724000,3580000
17/11/2021,2355000,2026000,1802700,4720000,3618000
18/11/2021,2355000,2025000,1850000,4720000,3590000
19/11/2021,2305000,2025000,1905000,4720000,3590000
23/11/2021,2260000,2051000,1905000,4730000,3588000
24/11/2021,2290000,2073500,1908000,4730000,3573000
25/11/2021,2330000,2080000,1909000,4730000,3577000
26/11/2021,2360000,2090000,1911400,4730000,3505000
29/11/2021,2380000,2095000,1914000,4720000,3505000
30/11/2021,2340000,2045000,1920000,4535000,3426000
01/12/2021,2310000,2076000,1920000,4530000,3490000
02/12/2021,2300000,2120000,1920000,4540000,3531500
03/12/2021,2335000,2130000,1923000,4740000,3605000
06/12/2021,2350000,2132000,1925000,4750000,3568000
07/12/2021,2410000,2165000,1923000,4757000,3580000
09/12/2021,2422000,2179000,1925500,4757000,3588000
10/12/2021,2440000,2184000,1956000,4763000,3615000
13/12/2021,2420000,2162000,1970000,4770000,3603000
14/12/2021,2438000,2194000,1980000,4771000,3657000
15/12/2021,2418000,2200000,1981000,4776000,3648000
16/12/2021,2441000,2207000,2009000,4780000,3685000
17/12/2021,2470000,2230000,2036000,4783000,3705000
20/12/2021,2497000,2245000,2039000,4791000,3695000
21/12/2021,2500000,2265000,2040000,4745000,3735000
22/12/2021,2485000,2306000,2041200,4595000,3760000
23/12/2021,2470000,2270000,2042000,4495000,3778000
27/12/2021,2475000,2300000,2047000,4500000,3850000
28/12/2021,2460000,2300000,2048000,4500000,3882000
29/12/2021,2460000,2305000,2050000,4510000,3860000
30/12/2021,2440000,2290000,2050000,4511000,3780000
03/01/2022,2440000,2305000,2056000,4550000,3830000
04/01/2022,2428000,2315000,2058000,4580000,3889000
05/01/2022,2440000,2367600,2059000,4633000,3915000
06/01/2022,2440000,2325000,2061000,4740000,3930000
07/01/2022,2425000,2350000,2062000,4948000,4000000
10/01/2022,2435000,2370000,2076500,4940000,3957000
11/01/2022,2436000,2377300,2119000,4920000,3985000
12/01/2022,2447000,2385000,2121500,4920000,4025000
13/01/2022,2450000,2387000,2123500,4930000,3977000
14/01/2022,2451000,2385000,2124400,4953500,4020800
17/01/2022,2452000,2389000,2130000,4960000,4000000
18/01/2022,2405000,2375000,2131500,4960000,4025000
19/01/2022,2435000,2375000,2135000,4900000,4105000
20/01/2022,2430000,2390000,2140000,4945000,4143500
21/01/2022,2450000,2370000,2150000,4998700,4070000
25/01/2022,2550000,2430000,2190000,5012000,4010000
26/01/2022,2540000,2430000,2195000,5068000,4075500
27/01/2022,2540000,2440000,2200000,5090000,4090000
28/01/2022,2550000,2440000,2200000,5125000,4160000
31/01/2022,2523000,2454000,2250000,5140000,4180000
01/02/2022,2525000,2505000,2256000,5240000,4249300
02/02/2022,2520000,2470000,2257500,5250000,4252500
03/02/2022,2523000,2430000,2260000,5256000,4257000
04/02/2022,2525000,2472000,2262000,5260500,4313000
07/02/2022,2531500,2530000,2320000,5274000,4378000
08/02/2022,2535000,2495000,2323000,5281000,4365000
09/02/2022,2569000,2515000,2325000,5284500,4418000
10/02/2022,2570000,2540000,2327500,5290500,4486000
11/02/2022,2580000,2553000,2331000,5298000,4495000
14/02/2022,2585000,2505000,2335000,5310000,4470000
15/02/2022,2587000,2529000,2338000,5314000,4474000
16/02/2022,2563700,2553000,2340000,5400000,4553000
17/02/2022,2575000,2555000,2342500,5400000,4570000
18/02/2022,2580000,2569000,2345000,5420000,4583000
21/02/2022,2585000,2617500,2350500,5445000,4583000
22/02/2022,2675000,2665000,2354000,5450000,4655000
23/02/2022,2750000,2677000,2356000,5460000,4754000
24/02/2022,3000000,2787000,2410000,5573500,4813000
25/02/2022,2896000,2620000,2360000,5577000,4690000
02/03/2022,3253500,2962500,2430000,6250000,4934000
03/03/2022,3418000,3120000,2480000,6360000,5050000
04/03/2022,3560000,3238000,2535000,6500000,5062000
07/03/2022,3539000,3163000,2580000,6600000,5130500
08/03/2022,3565000,3245000,2705000,6900000,5299000
09/03/2022,3565000,3254000,2712000,7050000,5400000
10/03/2022,3585500,3311400,2745000,7400000,5425000
11/03/2022,3580000,3307500,2720000,7600000,5380000
14/03/2022,3470000,3160000,2800000,7800000,5080000
15/03/2022,3460000,3165000,2830000,7650000,5100000
16/03/2022,3331000,3030000,2785000,7640000,5000000
17/03/2022,3285000,3033000,2775000,6777000,4980000
18/03/2022,3285000,2956500,2792000,6250000,4818000
21/03/2022,3370000,2964000,2799000,6148000,4884000
22/03/2022,3460000,2966500,2800000,6153000,4916000
23/03/2022,3460000,2915000,2804500,6590000,4970000
25/03/2022,3480000,2865000,2810000,6590000,5035000
28/03/2022,3430000,2785000,2720000,6080000,4820000
29/03/2022,3318000,2710000,2544000,6030000,4690000
30/03/2022,3398000,2761000,2546000,6088000,4760000
31/03/2022,3424000,2770000,2549000,6317000,4710000
01/04/2022,3438500,2751000,2551000,6322000,4603000
04/04/2022,3480000,2840000,2583500,6400000,4677500
05/04/2022,3568000,2870000,2585000,6400000,4760000
06/04/2022,3572000,2865000,2567500,6474500,4712000
07/04/2022,3627000,2865000,2571000,6540000,4806000
08/04/2022,3680000,2890000,2590000,6580000,4871000
11/04/2022,3750000,2900000,2641000,6630000,4832000
12/04/2022,3805000,2926500,2690000,6641000,4897000
13/04/2022,3835000,2925000,2706500,6653000,4962000
18/04/2022,3950000,2983000,2722500,6693000,5047500
19/04/2022,4025000,3058000,2783000,6700000,5055000
20/04/2022,4118000,3071500,2788000,6720000,5096500
21/04/2022,4145000,3080000,2845000,6780000,5115000
22/04/2022,4219000,3054000,2850000,6785000,5075000
25/04/2022,4225000,3011000,2880000,6810000,5020000
26/04/2022,4242000,3095500,2980000,6820000,5056000
27/04/2022,4290000,3130000,2986000,7120000,5110500
28/04/2022,4360000,3162000,3100000,7120000,5060000
29/04/2022,4374000,3223000,3108000,7120000,5027500
03/05/2022,4340000,3100000,3090000,7150000,4870000
04/05/2022,4345000,3056000,3125000,7300000,4867000
05/05/2022,4350000,3070000,3130000,7350000,4930000
06/05/2022,4400000,3075000,3190000,7430000,4885000
09/05/2022,4415000,3020000,3205000,7550000,4849000
10/05/2022,4377000,3035000,3220000,7700000,4910000
11/05/2022,4390000,3068000,3270000,7715000,4945000
12/05/2022,4450000,3050000,3277400,7730000,4928000
13/05/2022,4443000,3071500,3282500,7737000,5005000
16/05/2022,4490000,3170000,3294000,7737000,5025000
17/05/2022,4538000,3182000,3265000,7840000,5035000
19/05/2022,4489500,3190000,3237000,7920000,5056000
20/05/2022,4435000,3194000,3241000,7985000,5039000
23/05/2022,4405000,3206000,3240000,8040000,5011000
24/05/2022,4364000,3210500,3210500,8085000,5054000
26/05/2022,4375000,3245000,3183000,8100000,5126000
27/05/2022,4416000,3290000,3190000,8130000,5140000
30/05/2022,4433000,3270000,3175000,8210000,5152000
31/05/2022,4415000,3180000,3144000,8280000,5050000
01/06/2022,4325000,3180000,3183000,8288000,4996000
02/06/2022,4389000,3079000,3150000,8237000,5051000
03/06/2022,4360000,3180000,3080000,8250000,5012000
06/06/2022,4400000,3140000,3080000,8280000,5018000
07/06/2022,4407000,3196000,3075000,8234000,5033000
08/06/2022,4425000,3207000,3080000,8240000,5080000
09/06/2022,4420000,3193000,3090000,8245000,5100000
10/06/2022,4425000,3161000,3065000,8207000,5046000
13/06/2022,4396000,3102000,2979000,8119000,4945000
14/06/2022,4330000,3105000,2979000,8050000,4910000
15/06/2022,4318000,3062500,2977000,7717500,4937000
16/06/2022,4404000,3127500,2958000,7609000,4945600
21/06/2022,4260000,2995000,2840000,7530000,4850000
22/06/2022,4270000,3030000,2844000,7357000,4770000
23/06/2022,4185000,2862000,2850000,7248000,4708000
24/06/2022,4193000,2955000,2853000,7195000,4780000
27/06/2022,4171000,2960000,2860000,7160000,4794000
28/06/2022,4175000,2980000,2810000,7100000,4830000
29/06/2022,4183000,2985000,2871000,7115000,4885000
30/06/2022,4020000,2895000,2875000,7120000,4890000
01/07/2022,3930000,2725000,2870000,7135000,4775000
04/07/2022,3900000,2725000,2855000,7110000,4720000
05/07/2022,3915000,2671000,2797000,7050000,4660000
06/07/2022,3988000,2720000,2776000,6688000,4680000
07/07/2022,4065000,2830000,2780000,6570000,4770000
08/07/2022,4355000,3013000,2785000,6585000,4912000
11/07/2022,4360000,3026000,2797000,6610000,5025000
12/07/2022,4300000,2905000,2800000,6590000,4866000
13/07/2022,4300000,2935000,2807000,6598000,4866000
14/07/2022,4358000,2926000,2770000,6607000,4869000
15/07/2022,4335000,2905000,2800000,6620000,4890000
18/07/2022,4357000,2954000,2810000,6654000,4968000
19/07/2022,4310000,2890000,2810000,6450000,4925000
20/07/2022,4263000,2900000,2800000,6450000,4900000
21/07/2022,4243000,2820000,2800000,6450000,4825000
22/07/2022,4125000,2792000,2785000,6477000,4845000
25/07/2022,3906000,2750000,2800000,6510000,4882500
26/07/2022,3955000,2873500,2830000,6524000,4965000
27/07/2022,3995000,2960000,2863000,6535500,5046000
28/07/2022,4058500,3031000,2880000,6677000,5119000
29/07/2022,4076000,3031000,2923000,6685000,5180000
01/08/2022,4016500,2940000,2937000,6716000,4965000
02/08/2022,4026000,2904000,2970000,6730000,4960000
03/08/2022,4033000,2908800,2950000,6740000,4920000
04/08/2022,4039500,2980000,2970000,6750000,5085000
05/08/2022,4047000,2989000,2985500,6765000,5050000
08/08/2022,3960000,2987000,3000000,6800000,5135000
09/08/2022,4015000,3010000,3035000,6815000,5220000
10/08/2022,4080000,3078000,3050000,6825000,5262500
11/08/2022,4100000,3084000,3070000,6837000,5316000
12/08/2022,4110000,3050000,3091000,6854000,5320000
16/08/2022,4054000,2945000,3108000,6890000,5108000
17/08/2022,4060000,2965000,3112500,6902000,5156000
18/08/2022,4045000,3005000,3120000,6915000,5165000
19/08/2022,3820000,3015000,3127000,6920000,5180000
22/08/2022,3834000,3029000,3138000,6958000,5239000
23/08/2022,3897000,3125000,3214000,6974200,5313000
24/08/2022,3920000,3102500,3219000,6984500,5293000
25/08/2022,3925000,3070000,3210000,6997000,5170000
26/08/2022,3932500,3060000,3220000,7012500,5307500
29/08/2022,3895000,3155000,3246000,7044000,5262000
30/08/2022,3895000,3128000,3252000,7058000,5260000
31/08/2022,3948100,3135000,3255400,7065000,5230000
02/09/2022,3984400,3165300,3262500,7080300,5200000
05/09/2022,4130000,3221500,3292000,7144000,7242000
06/09/2022,4210000,3260000,3298000,7158000,6905000
07/09/2022,4220000,3260000,3304000,7100000,6895000
08/09/2022,4220000,3280000,3312000,7100000,6700000
09/09/2022,4235000,3332000,3320000,7060000,6830000
12/09/2022,4265000,3410000,3410000,7100000,7008000
13/09/2022,4300000,3400000,3400000,7000000,7000000
14/09/2022,4300000,3410000,3410000,7000000,7100000
15/09/2022,4300000,3415000,3415000,7000000,7000000
16/09/2022,4300000,3435000,3400000,7000000,7000000
19/09/2022,4325000,3373500,3388000,6800000,7000000
20/09/2022,4333000,3394500,3400000,6600000,7000000
21/09/2022,4400000,3415000,3410000,6510000,6900000
22/09/2022,4520000,3460000,3410000,6520000,6700000
23/09/2022,4575000,3400000,3420000,6535000,6300000
26/09/2022,4455000,3360000,3432000,6500000,6200000
27/09/2022,4495000,3410500,3470000,6500000,6320000
28/09/2022,4550000,3446000,3476000,6500000,6300000
29/09/2022,4580000,3510000,3480000,6500000,6320000
30/09/2022,4635000,3531000,3500000,6326000,6200000
03/10/2022,4692000,3553000,3553000,6097000,4950000
04/10/2022,4730000,3575000,3560000,5935000,4950000
05/10/2022,4757000,3657000,3565000,5700000,4950000
06/10/2022,4798000,3580000,3576000,5520000,4950000
11/10/2022,4966000,3700000,3612000,5520000,5200000
12/10/2022,5128000,3700000,3620000,5500000,6065000
13/10/2022,5135000,3750000,3626000,5515000,5750000
14/10/2022,5200000,3720000,3634500,5520000,5760000
17/10/2022,5230000,3762000,3655000,5559000,5940000
18/10/2022,5230000,3710000,3650000,5570000,5876000
19/10/2022,5270000,3700000,3671500,6110000,5900000
20/10/2022,5300000,3720000,3680000,6130000,5915000
21/10/2022,5340000,3700000,3690000,6140000,5910000
24/10/2022,5532500,3747000,3705000,6190000,5980000
25/10/2022,5560000,3780000,3717000,6350000,6015000
26/10/2022,5555000,3775000,3725000,6515000,6105000
27/10/2022,5580000,3763000,3732000,6610000,6110000
28/10/2022,5595000,3790000,3740000,6700000,6076000
31/10/2022,5650000,3840000,3760000,7050000,6190000
01/11/2022,5655000,3896000,3785000,7383000,6205000
02/11/2022,5660000,3903000,3800000,7550000,6265000
03/11/2022,5647000,3915000,3800000,7650000,6280000
04/11/2022,5690000,3952000,3810000,7800000,6370000
07/11/2022,5698000,3947000,3836000,7930000,6430000
08/11/2022,5680000,3950000,3840000,7950000,6460000
09/11/2022,5630000,3916000,3852000,7970000,6330000
10/11/2022,5606000,3860000,3860000,8000000,6250000
11/11/2022,5617500,3890000,3868000,8025000,6400000
14/11/2022,5655000,3910000,3894000,8079000,6400000
15/11/2022,5700000,3940000,3900000,8096000,6500000
16/11/2022,5760000,3943000,3910000,8113000,6310000
17/11/2022,5706500,3886000,3918000,8129000,6200000
18/11/2022,5729000,3915000,3944000,8150000,6300000
22/11/2022,5740000,3945000,3990000,8215000,6600000
23/11/2022,5765000,3951500,3984000,8232000,6800000
24/11/2022,5800000,3952000,3993000,8250000,7200000
25/11/2022,5730000,3970000,4002000,8270000,8000000
28/11/2022,5730000,3993000,4025000,8320000,8500000
29/11/2022,5700000,4002000,4025000,8338000,8499000
30/11/2022,5700000,4010000,4010000,8354000,8500000
01/12/2022,5700000,4105000,4020000,7538500,8510000
02/12/2022,5675000,4130000,4029500,7550000,8720000
05/12/2022,5592500,4190000,4055000,7600000,8830000
06/12/2022,5587000,4200000,4063000,7450000,9030000
07/12/2022,5600000,4209000,4072800,7250000,9205000
12/12/2022,5675000,4279000,4108000,7250000,9430000
13/12/2022,5700000,4300000,4170000,7250000,9610000
14/12/2022,5710000,4300000,4175000,7255000,10000000
15/12/2022,5750000,4315000,4225000,7260000,9550000
16/12/2022,5750000,4350000,4300000,7270000,10000000
19/12/2022,5720000,4400000,4335000,7456000,9800000
20/12/2022,5700000,4500000,4345000,7470000,10000000
21/12/2022,5675000,4530000,4352000,7490000,10030000
22/12/2022,5660000,4515000,4358000,7600000,9850000
23/12/2022,5700000,4540000,4366000,7684000,9650000
26/12/2022,5650000,4350000,4390000,7750000,9580000
27/12/2022,5660000,4340000,4395000,7820000,9880000
28/12/2022,5656000,4355000,4440000,7929000,9500000
29/12/2022,5650000,4350000,4415000,7945000,9500000
30/12/2022,5660000,4370000,4424000,7963000,9300000
02/01/2023,5534000,4590000,4449000,8186000,7600000
03/01/2023,5505000,4500000,4454000,8110000,7500000
04/01/2023,5445000,4450000,4461500,8200000,7600000
05/01/2023,5410000,4505000,4555000,8210000,7700000
06/01/2023,5470000,4530000,4500000,8230000,7750000
09/01/2023,5540000,4550000,4515000,8455000,7850000
10/01/2023,5540000,4550000,4515000,8650000,8010000
11/01/2023,5512000,4556000,4530000,8699000,8160000
12/01/2023,5485000,4610000,4530000,8500000,8213000
13/01/2023,5590000,4620000,4535000,8510000,8230000
16/01/2023,5624000,4623000,4550000,8554000,8260000
17/01/2023,5650000,4667000,4557000,8385000,8300000
18/01/2023,5679000,4675000,4580000,8310000,8300000
19/01/2023,5688500,4720000,4665000,8230000,8290000
20/01/2023,5699000,4765000,4765000,8240000,8250000
23/01/2023,5728000,4696000,4800000,8110000,8250000
24/01/2023,5773000,4796700,4981000,7933000,8500000
25/01/2023,5773000,4820000,4990000,7855000,8500000
26/01/2023,5780000,4832000,4998200,7780000,8500000
27/01/2023,5760000,4885000,5025000,7750000,8530000
30/01/2023,5760000,4938500,5050000,7790000,8530000
31/01/2023,5790000,4946500,5081000,7805000,8550000
01/02/2023,5800000,4962000,5088000,7820000,8500000
02/02/2023,5808000,4921000,5150000,7830000,8325000
03/02/2023,5822000,4977000,5165000,7850000,8000000
06/02/2023,5822000,4977000,5165000,7850000,8000000
07/02/2023,5815000,4925000,5205000,7950000,8100000
08/02/2023,5790000,4931000,5215000,8060000,8200000
09/02/2023,5755000,4940000,5225000,8170000,8900000
10/02/2023,5755000,4948000,5230000,8180000,8900000
14/02/2023,5755000,4987000,5178000,8055000,8910000
15/02/2023,5766000,5000000,5189000,8055000,8893000
16/02/2023,5779000,5028000,5240000,8075000,8960000
17/02/2023,5790000,5040000,5250000,8086000,9000000
22/02/2023,5842500,5103000,5300000,8160000,8960000
23/02/2023,5853000,5122000,5310000,8175000,8960000
24/02/2023,5850000,5080000,5320000,8120000,8960000
27/02/2023,5840000,5033000,5348000,8061000,8960000
28/02/2023,5820000,4943000,5300000,8075000,8900000
01/03/2023,5842000,4934000,5310000,8092000,8900000
02/03/2023,5870000,4941500,5337000,8104500,9000000
03/03/2023,5880000,4955000,5348000,8120000,9000000
06/03/2023,5910000,5078000,5370000,8150000,8980000
07/03/2023,5900000,5087000,5425000,8178000,8980000
08/03/2023,5890000,5093000,5335000,8190000,9000000
09/03/2023,5830000,5064000,5344000,8106500,9000000
10/03/2023,5855500,4933000,5414000,7790000,8800000
13/03/2023,5880000,5020000,5445000,7560000,8700000
14/03/2023,5890000,5021500,5425000,7520000,8750000
15/03/2023,5900000,5054000,5418000,7480000,8720000
16/03/2023,5870000,5080000,5347000,7494000,8750000
17/03/2023,5882000,5104000,5277000,7508000,8770000
20/03/2023,5885000,5103000,5245000,7553000,8700000
21/03/2023,5900000,5115500,5120000,7470000,8800000
22/03/2023,5825000,5085000,5085000,7175000,8700000
23/03/2023,5770000,5120000,5134500,6980000,8490000
27/03/2023,5750000,5175500,5175000,6831600,8450000
28/03/2023,5705000,5186000,5186000,6846000,8450000
29/03/2023,5717000,5218000,5197500,6860700,8490000
30/03/2023,5650000,5150000,5205000,6870000,8600000
31/03/2023,5650000,5194500,5320000,6884000,9000000
03/04/2023,5775000,5231000,5354000,6929000,9000000
04/04/2023,5785000,5275000,5417000,6950000,9000000
05/04/2023,5880000,5370000,5417000,6957000,9000000
10/04/2023,5857000,5325000,5431500,6922000,10700000
11/04/2023,5930000,5314000,5440000,6935000,10700000
12/04/2023,5987500,5314000,5453000,6950000,9900000
13/04/2023,6000000,5310000,5550000,7000000,9950000
14/04/2023,6075000,5282000,5560000,6900000,10000000
17/04/2023,6047000,5275000,5510000,6900000,10050000
18/04/2023,6150000,5200000,5600000,6950000,10080000
19/04/2023,6150000,5120000,5644000,7000000,10100000
20/04/2023,6150000,4960000,5657000,7000000,10050000
21/04/2023,6110000,4790000,5670000,7000000,9900000
24/04/2023,6100000,4594000,5715000,7100000,9950000
25/04/2023,6100000,4520000,6000000,9000000,10000000
26/04/2023,6150000,4630000,6300000,9000000,10000000
27/04/2023,6200000,4650000,6300000,8800000,10000000
28/04/2023,6224000,4665000,6390000,8500000,10000000
02/05/2023,6279000,4709500,6495000,8450000,10110000
03/05/2023,6294000,4720000,6600000,8900000,10050000
04/05/2023,6308000,20500,6700000,9000000,10060000
05/05/2023,6617500,4799000,7000000,9500000,10290000
08/05/2023,6590000,4850000,7000000,9500000,10430000
09/05/2023,6600000,4805000,7000000,9500000,10530000
10/05/2023,6640000,4840000,7000000,9650000,11000000
11/05/2023,6700000,4850000,7000000,9800000,11000000
12/05/2023,6704000,4855000,7100000,9800000,11000000
15/05/2023,6750000,5000000,7150000,9800000,11000000
16/05/2023,6750000,5070000,7200000,9750000,10450000
17/05/2023,6750000,4915000,7000000,9500000,10500000
18/05/2023,6950000,4750000,7000000,9500000,10500000
19/05/2023,7200000,4740000,7000000,9500000,10300000
22/05/2023,7200000,4820000,6700000,9500000,10250000
23/05/2023,7200000,4700000,6500000,9300000,10100000
24/05/2023,7180000,4636000,6200000,9200000,10180000
29/05/2023,7650000,4870000,6000000,8500000,9900000
30/05/2023,7650000,4870000,6400000,8500000,9800000
31/05/2023,7650000,4860000,5500000,8250000,9500000
01/06/2023,7675000,4917000,5250000,8000000,9000000
02/06/2023,7670000,4950000,5170000,7500000,9000000
05/06/2023,7650000,4970000,5100000,6800000,9000000
06/06/2023,7660000,4784000,5100000,6600000,9000000
07/06/2023,7585000,4830000,5105000,6500000,9000000
08/06/2023,7570000,4915000,5125000,6500000,9000000
09/06/2023,7460000,4890000,5135000,6500000,8990000
12/06/2023,7350000,4800000,5135000,6500000,8990000
13/06/2023,7350000,4687500,5135000,6500000,9000000
14/06/2023,7325000,4705000,5200000,6500000,9000000
15/06/2023,7250000,4711000,5200000,6500000,9000000
16/06/2023,7200000,4856000,5230000,6520000,9000000
21/06/2023,7292000,5020000,5280000,6530000,9100000
22/06/2023,7300000,5070000,5300000,6530000,9050000
23/06/2023,7325500,4900000,5557000,6530000,9100000
26/06/2023,7360000,5000000,5590000,6690000,9200000
27/06/2023,7390000,4900000,5600000,6700000,9250000
29/06/2023,7170000,4770000,5800000,7100000,9250000
30/06/2023,7125000,4720000,5800000,7180000,9450000
03/07/2023,7130000,4630000,5800000,7250000,9410000
04/07/2023,7170000,4635000,5830000,7300000,9300000
05/07/2023,7300000,4665000,5850000,7400000,9300000
06/07/2023,7320000,4800000,5850000,7540000,9200000
07/07/2023,7320000,4760000,5860000,7560000,9200000
10/07/2023,7300000,4795000,5897000,7863000,9250000
11/07/2023,7300000,4825000,5965000,7884000,9300000
12/07/2023,7275000,4800000,6064000,7910000,9320000
13/07/2023,7250000,4850000,6100000,7950000,9380000
14/07/2023,7225000,4750000,6100000,7980000,9200000
17/07/2023,7270000,4750000,6190000,8030000,9300000
18/07/2023,7300000,4965000,6220000,8050000,9450000
19/07/2023,7320000,5200000,6287000,8053000,9500000
20/07/2023,7350000,5010000,6171000,8100000,9630000
21/07/2023,7370000,4880000,6074000,8100000,9900000
24/07/2023,7450000,4965000,6224000,10000000,9900000
25/07/2023,7460000,6200000,7820000,10500000,10000000
26/07/2023,7400000,6185000,7995000,11000000,10000000
27/07/2023,7310000,6275000,8000000,11450000,10000000
28/07/2023,7310000,6280000,8000000,11500000,10000000
31/07/2023,7280000,5900000,8050000,11500000,9800000
01/08/2023,7300000,6000000,8100000,11500000,10000000
02/08/2023,7200000,6080000,8130000,11500000,10000000
03/08/2023,7150000,6000000,8200000,11550000,10100000
04/08/2023,7200000,6060000,8200000,11550000,10280000
07/08/2023,7300000,5985000,8200000,11500000,10100000
08/08/2023,7320000,6000000,8200000,11500000,10050000
09/08/2023,7350000,6000000,8200000,11500000,10100000
10/08/2023,7380000,6000000,8100000,11480000,10200000
11/08/2023,7400000,6100000,8100000,11490000,10240000
15/08/2023,8400000,6000000,8250000,11500000,12200000
16/08/2023,8400000,6095000,8295000,11500000,12550000
17/08/2023,8400000,6170000,8300000,11500000,12700000
18/08/2023,8450000,6270000,8300000,11500000,12700000
22/08/2023,8450000,6185000,8300000,11500000,12600000
23/08/2023,8450000,6272000,8300000,11500000,12700000
24/08/2023,8450000,6310000,8350000,11500000,12720000
25/08/2023,8450000,6420000,8400000,11500000,13000000
31/08/2023,8600000,6600000,8580000,12000000,13800000
01/09/2023,8600000,6670000,8600000,11800000,13800000
04/09/2023,8700000,6650000,8600000,11800000,13900000
05/09/2023,8550000,6600000,8600000,11800000,14100000
06/09/2023,8500000,6750000,8650000,11800000,15100000
07/09/2023,8500000,6790000,8700000,11800000,16000000
08/09/2023,8500000,6750000,8800000,11800000,15500000
11/09/2023,8550000,6800000,8800000,11800000,15800000
12/09/2023,8550000,6800000,8800000,11800000,16000000
13/09/2023,8550000,6750000,8850000,11800000,16000000
14/09/2023,8550000,6800000,8870000,11800000,16200000
15/09/2023,8600000,7000000,8900000,11800000,16000000
18/09/2023,8650000,7000000,8900000,11800000,16000000
19/09/2023,8670000,7000000,8900000,11800000,16000000
20/09/2023,8690000,7000000,8900000,11800000,16000000
21/09/2023,8720000,7000000,8900000,11800000,16000000
22/09/2023,8750000,7050000,9000000,11800000,16000000
25/09/2023,8710000,7050000,9050000,11800000,16000000
26/09/2023,8750000,7000000,9100000,11800000,16250000
27/09/2023,8650000,7100000,9100000,11800000,16500000
28/09/2023,8650000,7100000,9100000,11800000,16500000
29/09/2023,8650000,7100000,9200000,11800000,16500000
02/10/2023,8650000,7200000,9300000,11800000,16250000
03/10/2023,8650000,7400000,9500000,11800000,16500000
04/10/2023,8700000,7800000,9500000,11800000,17030000
05/10/2023,8800000,7995000,9700000,11800000,17500000
06/10/2023,8800000,8160000,9650000,11800000,17700000
09/10/2023,8800000,8200000,9700000,11800000,17500000
10/10/2023,8800000,8280000,9900000,12500000,17550000
11/10/2023,8800000,8380000,11000000,14000000,17800000
12/10/2023,8800000,8380000,12000000,14000000,18000000
17/10/2023,8800000,8380000,13500000,14000000,18500000
18/10/2023,8800000,8300000,14000000,14000000,18500000
19/10/2023,8800000,8380000,14000000,14000000,18500000
23/10/2023,8800000,9500000,14000000,14000000,18500000
24/10/2023,11000000,9800000,14000000,14000000,18750000
25/10/2023,11000000,9900000,14100000,14000000,18750000
26/10/2023,11100000,9800000,14100000,14100000,18700000
27/10/2023,11500000,9800000,14100000,14200000,18700000
30/10/2023,11100000,9500000,14100000,14000000,18500000
31/10/2023,11000000,9200000,14100000,14000000,18450000
01/11/2023,11200000,9100000,14100000,14000000,18200000
02/11/2023,11250000,9200000,13800000,13000000,17700000
03/11/2023,11180000,9200000,13000000,13000000,17850000
06/11/2023,10700000,9020000,13000000,13000000,18000000
07/11/2023,10300000,9200000,13000000,13000000,18100000
08/11/2023,10100000,9150000,13000000,13500000,18100000
09/11/2023,10000000,9190000,13000000,13500000,17800000
10/11/2023,10100000,9200000,13000000,13500000,18000000
13/11/2023,10200000,9450000,12500000,13500000,18900000
14/11/2023,10500000,9500000,12500000,13500000,18900000
15/11/2023,10650000,9500000,12500000,13500000,19000000
16/11/2023,10600000,9500000,12000000,13000000,18980000
17/11/2023,10500000,9500000,12000000,13500000,18900000
21/11/2023,12000000,10500000,12000000,14000000,22350000
22/11/2023,13000000,11400000,12000000,15500000,23900000
23/11/2023,13500000,11980000,12000000,16000000,23800000
24/11/2023,13490000,12200000,12100000,16000000,24000000
27/11/2023,12500000,11600000,12100000,16000000,22500000
28/11/2023,12200000,11200000,12100000,16000000,22000000
29/11/2023,12200000,11100000,12000000,16000000,21800000
30/11/2023,12200000,11100000,12000000,16000000,21000000
01/12/2023,12100000,10600000,12000000,16000000,21500000
04/12/2023,12000000,10500000,12000000,16000000,21500000
05/12/2023,13000000,11800000,12000000,16000000,21600000
06/12/2023,13000000,11800000,12000000,16000000,21600000
07/12/2023,13000000,11500000,12000000,16000000,21600000
13/12/2023,16000000,14400000,16500000,21500000,25800000
14/12/2023,17300000,14960000,16500000,21500000,26800000
15/12/2023,17500000,15000000,16000000,21700000,26500000
18/12/2023,17990000,14950000,15500000,21900000,26500000
19/12/2023,18000000,15000000,15300000,22000000,26500000
20/12/2023,17850000,15000000,15300000,22000000,26200000
21/12/2023,18130000,15000000,15300000,22000000,26100000
22/12/2023,18450000,15000000,15300000,22500000,26000000
26/12/2023,18450000,15000000,15300000,22800000,26200000
27/12/2023,18500000,15000000,15300000,23000000,26400000
29/12/2023,18450000,15100000,15300000,24500000,26500000
02/01/2024,18380000,15000000,15300000,24500000,26100000
03/01/2024,18000000,15050000,15300000,24800000,26450000
04/01/2024,17995000,15490000,15300000,25000000,26500000
05/01/2024,17990000,15600000,15300000,26700000,26650000
08/01/2024,17880000,15800000,15300000,26700000,27000000
09/01/2024,17950000,16000000,15300000,26700000,27500000
10/01/2024,17750000,16000000,15300000,26700000,27500000
11/01/2024,17990000,16000000,15300000,27600000,27550000
12/01/2024,17900000,15700000,15300000,27800000,27050000
15/01/2024,17600000,15450000,15300000,28000000,27000000
16/01/2024,17600000,15500000,15300000,28000000,27500000
17/01/2024,17980000,15500000,15300000,29000000,27500000
18/01/2024,18000000,15500000,15300000,28500000,27500000
19/01/2024,18000000,15500000,15300000,28500000,27450000
22/01/2024,18100000,15480000,15300000,28600000,27400000
23/01/2024,18190000,15500000,15500000,28600000,27500000
24/01/2024,18440000,15500000,15500000,28680000,27500000
25/01/2024,18490000,15550000,15600000,28700000,27500000
26/01/2024,18500000,15500000,15600000,28700000,26750000
29/01/2024,18000000,15400000,15600000,28750000,26500000
30/01/2024,18490000,15500000,15600000,28800000,26950000
31/01/2024,18490000,15500000,15600000,28800000,26950000
01/02/2024,18300000,15490000,17000000,28836500,26550000
02/02/2024,18880000,15200000,17000000,28850000,26550000
05/02/2024,18180000,15100000,17000000,28900000,26530000
06/02/2024,18180000,15000000,17000000,28930000,26500000
07/02/2024,18100000,15100000,17000000,28950000,26195000
08/02/2024,18300000,15000000,17000000,29000000,26100000
09/02/2024,18490000,14800000,17000000,29000000,26000000
14/02/2024,18000000,14980000,16500000,29000000,25300000
15/02/2024,18000000,14750000,16500000,29000000,25000000
16/02/2024,17550000,14440000,16500000,28900000,25000000
19/02/2024,17100000,14150000,16500000,28000000,24500000
20/02/2024,17000000,14300000,16500000,27000000,24730000
21/02/2024,17000000,14080000,16000000,27000000,24500000
22/02/2024,17000000,13950000,16000000,27250000,24000000
23/02/2024,17000000,13500000,16000000,26500000,24000000
26/02/2024,17000000,13510000,15500000,26000000,24000000
27/02/2024,17000000,13980000,15600000,25800000,24100000
28/02/2024,17000000,14050000,15600000,26000000,24250000
29/02/2024,17000000,14100000,15600000,26000000,24350000
01/03/2024,16950000,14400000,15500000,26000000,24800000
04/03/2024,17050000,14400000,15600000,25600000,24900000
05/03/2024,17050000,14400000,15500000,25600000,25000000
06/03/2024,17000000,14450000,15500000,25800000,25000000
07/03/2024,17000000,14600000,15500000,25500000,24950000
08/03/2024,16990000,14700000,15400000,25100000,25000000
11/03/2024,16990000,14700000,15000000,24600000,24800000
12/03/2024,17000000,14900000,15000000,24400000,25000000
13/03/2024,17000000,15000000,15000000,24000000,25100000
14/03/2024,16980000,15150000,15000000,24500000,25195000
15/03/2024,17000000,15000000,15000000,24000000,25100000
18/03/2024,17000000,14900000,14900000,23000000,25300000
19/03/2024,17100000,15000000,15000000,23000000,25600000
20/03/2024,17200000,15100000,15000000,23500000,26000000
21/03/2024,17200000,15100000,15000000,24000000,26400000
22/03/2024,17200000,14900000,15000000,24200000,25950000
25/03/2024,17200000,14500000,15000000,23800000,25490000
26/03/2024,17200000,14500000,14800000,23700000,25000000
27/03/2024,17200000,14100000,14500000,23500000,24500000
03/04/2024,17100000,14370000,14500000,23500000,24200000
04/04/2024,17400000,14500000,14500000,24000000,24500000
05/04/2024,17500000,14500000,14500000,24000000,25000000
08/04/2024,17500000,14700000,14300000,24100000,24750000
09/04/2024,17500000,14900000,14000000,24100000,25000000
10/04/2024,17800000,15000000,14000000,24200000,25050000
11/04/2024,18000000,15050000,14000000,24200000,25100000
12/04/2024,18500000,15250000,14000000,24300000,25250000
15/04/2024,18550000,15100000,14000000,24300000,25100000
16/04/2024,18980000,15200000,14000000,25000000,25100000
17/04/2024,19100000,15400000,14000000,25000000,25100000
18/04/2024,19150000,15400000,14000000,25500000,24980000
19/04/2024,19300000,15500000,14100000,26000000,25000000
22/04/2024,19700000,15650000,14150000,26000000,25000000
23/04/2024,19750000,15800000,14150000,26000000,25050000
24/04/2024,20000000,15850000,14150000,26000000,25050000
25/04/2024,20000000,15970000,14150000,26000000,25150000
26/04/2024,20000000,16000000,14200000,26000000,25200000
29/04/2024,20000000,15800000,14200000,26000000,25200000
30/04/2024,19750000,15550000,14200000,26000000,25000000
02/05/2024,20000000,16000000,14200000,26000000,25500000
03/05/2024,21000000,16300000,14200000,26000000,26100000
06/05/2024,21000000,16500000,14000000,26000000,26500000
07/05/2024,21000000,16700000,14400000,26000000,27150000
08/05/2024,21100000,16500000,14500000,26000000,27400000
09/05/2024,21800000,16000000,14500000,26000000,26000000
10/05/2024,22000000,16200000,14500000,26300000,26000000
13/05/2024,22050000,16470000,14200000,26000000,26180000
14/05/2024,23000000,16500000,14200000,26500000,26350000
15/05/2024,23200000,16050000,14200000,26500000,26990000
16/05/2024,23400000,15650000,14200000,26500000,27050000
17/05/2024,23800000,15400000,14200000,26500000,27200000
20/05/2024,23500000,15450000,14500000,27000000,27700000
21/05/2024,23700000,15500000,14300000,27000000,27800000
22/05/2024,24200000,15700000,14500000,27000000,28450000
23/05/2024,24700000,16200000,14900000,27000000,28900000
24/05/2024,24850000,16300000,15000000,27000000,28500000
27/05/2024,24900000,16300000,15000000,27200000,28500000
28/05/2024,24900000,16300000,15500000,27500000,28500000
30/05/2024,24800000,15900000,16000000,28000000,28950000
31/05/2024,24600000,15800000,16000000,28000000,29000000
03/06/2024,24000000,15800000,16000000,28000000,28500000
04/06/2024,24000000,16000000,16000000,28100000,28200000
05/06/2024,23800000,16150000,16000000,28000000,28200000
06/06/2024,23500000,16500000,16500000,28000000,29000000
07/06/2024,23300000,16350000,16450000,28000000,28500000
10/06/2024,22950000,16500000,16500000,29500000,29000000
11/06/2024,23000000,16500000,16500000,29500000,29100000
12/06/2024,23000000,16550000,16500000,29500000,29200000
13/06/2024,23000000,16680000,16500000,29500000,29300000
14/06/2024,22990000,16500000,16670000,29500000,29300000
18/06/2024,22490000,16400000,17000000,29500000,28500000
19/06/2024,22000000,16280000,17000000,30000000,28500000
24/06/2024,22000000,15900000,17000000,30000000,28600000
25/06/2024,21980000,15900000,17000000,30000000,28000000
26/06/2024,22000000,16200000,17000000,30000000,28100000
27/06/2024,22000000,16230000,17000000,30500000,28000000
28/06/2024,21980000,15950000,17000000,30500000,28000000
01/07/2024,21980000,15950000,17000000,30500000,28350000
02/07/2024,22600000,16050000,17000000,30500000,28650000
03/07/2024,22990000,16000000,17000000,30500000,28650000
04/07/2024,23000000,15750000,17100000,30700000,28550000
05/07/2024,23050000,15620000,17000000,31000000,29000000
08/07/2024,22800000,15000000,16800000,31000000,28100000
10/07/2024,22700000,15000000,17000000,31000000,28000000
11/07/2024,22750000,15485000,17000000,31000000,28500000
12/07/2024,22900000,15500000,17000000,31000000,28550000
15/07/2024,23000000,15050000,17000000,31000000,28050000
16/07/2024,22700000,15150000,16800000,31000000,28500000
17/07/2024,22700000,15350000,16500000,31000000,28500000
18/07/2024,22650000,15050000,16500000,31000000,28550000
19/07/2024,23000000,15100000,16500000,31000000,28550000
22/07/2024,23000000,15500000,16500000,31000000,29000000
23/07/2024,23000000,16000000,16300000,31000000,29000000
24/07/2024,23000000,16000000,16000000,31000000,29000000
25/07/2024,23000000,16000000,16000000,31000000,29350000
26/07/2024,23100000,15580000,15600000,31000000,28500000
29/07/2024,23100000,15490000,15500000,30800000,28500000
30/07/2024,23100000,15500000,15000000,30800000,28500000
31/07/2024,23100000,15200000,14800000,31000000,28200000
02/08/2024,23100000,15500000,14500000,31500000,28550000
05/08/2024,23200000,16000000,14300000,31500000,29000000
06/08/2024,23500000,16000000,14050000,31500000,29000000
07/08/2024,23900000,16000000,14000000,31500000,28700000
08/08/2024,24000000,16000000,13900000,31500000,28500000
12/08/2024,23500000,16000000,14000000,31500000,28000000
13/08/2024,23000000,16000000,14000000,31000000,28000000
14/08/2024,23000000,16000000,14000000,30500000,28000000
15/08/2024,23000000,16000000,14000000,31000000,28500000
16/08/2024,23000000,16000000,14000000,31000000,28500000
19/08/2024,23000000,16100000,14000000,31000000,28930000
20/08/2024,23000000,16180000,14000000,31000000,29100000
21/08/2024,23000000,16300000,14000000,31000000,29300000
22/08/2024,23000000,16300000,14000000,31000000,29000000
23/08/2024,22800000,16300000,14000000,31000000,29100000
26/08/2024,22500000,16300000,14000000,31000000,29350000
27/08/2024,23000000,16500000,14100000,31000000,29700000
28/08/2024,22500000,16500000,14000000,31000000,29500000
29/08/2024,22500000,16500000,14500000,31000000,30000000
30/08/2024,22300000,16500000,14500000,31000000,29700000
02/09/2024,22000000,16500000,14500000,31000000,29500000
03/09/2024,22000000,16950000,14500000,31000000,30000000
04/09/2024,22000000,17000000,14000000,31000000,30000000
05/09/2024,21700000,16990000,14000000,31000000,29500000
06/09/2024,21500000,16900000,13750000,31000000,29200000
09/09/2024,21400000,16500000,13550000,31000000,29500000
10/09/2024,21400000,16650000,13550000,31000000,29380000
11/09/2024,21100000,16700000,13550000,31000000,29500000
12/09/2024,21400000,16700000,13500000,31000000,29700000
16/09/2024,20800000,16550000,13500000,31000000,29500000
17/09/2024,20500000,16625000,13500000,31000000,29500000
18/09/2024,20500000,16750000,13500000,31000000,30000000
19/09/2024,20500000,16950000,13500000,31000000,30000000
20/09/2024,20500000,16950000,13550000,31000000,30000000
23/09/2024,20500000,17000000,13500000,31000000,30000000
24/09/2024,19500000,17000000,13500000,31000000,30000000
25/09/2024,19500000,17200000,13700000,31000000,30000000
27/09/2024,20000000,17495000,14000000,31000000,30500000
30/09/2024,19800000,17900000,14000000,31500000,31000000
01/10/2024,20500000,18000000,14500000,31600000,31500000
02/10/2024,21000000,18180000,14500000,31700000,31500000
03/10/2024,21000000,18150000,14500000,31800000,31000000
04/10/2024,21000000,18050000,14500000,32000000,31000000
07/10/2024,21000000,18000000,14500000,32000000,30500000
08/10/2024,21000000,18000000,14500000,32000000,30500000
09/10/2024,21100000,18100000,14500000,33000000,30000000
10/10/2024,21500000,18050000,14500000,34000000,30000000
14/10/2024,21900000,17700000,14500000,34000000,30000000
15/10/2024,21500000,17750000,14600000,34000000,30300000
16/10/2024,21500000,17900000,14600000,35000000,30500000
17/10/2024,21200000,18000000,14600000,35200000,30580000
18/10/2024,20750000,18000000,14600000,35500000,31000000
21/10/2024,20500000,18200000,14600000,35500000,31120000
22/10/2024,20450000,18290000,14600000,35500000,31000000
23/10/2024,20300000,18000000,14600000,35500000,31250000
24/10/2024,20000000,18000000,14600000,35500000,31490000
25/10/2024,19500000,18000000,14700000,35500000,30800000
28/10/2024,19500000,17780000,14800000,35500000,30500000
29/10/2024,19650000,17780000,15000000,35500000,30200000
30/10/2024,19500000,17800000,15500000,35500000,30500000
31/10/2024,19500000,17800000,15500000,35500000,30300000
01/11/2024,19500000,18000000,16000000,35500000,30100000
04/11/2024,19500000,18000000,16000000,35500000,30650000
05/11/2024,19500000,18000000,16000000,35500000,30630000
06/11/2024,19500000,18200000,16100000,35500000,30900000
07/11/2024,19700000,18300000,16100000,35500000,31000000
08/11/2024,19000000,18520000,16500000,35800000,30950000
12/11/2024,19000000,18500000,16500000,36000000,30500000
13/11/2024,18950000,18630000,16900000,36000000,30100000
14/11/2024,18700000,18500000,17000000,36000000,30000000
15/11/2024,18300000,18300000,17000000,36200000,30400000
19/11/2024,18900000,18500000,17000000,36200000,30000000
20/11/2024,19150000,18500000,16500000,36500000,29980000
21/11/2024,19150000,18500000,16500000,36500000,29500000
22/11/2024,19000000,18400000,16550000,36500000,29200000
25/11/2024,18900000,18250000,16700000,36500000,29500000
26/11/2024,19000000,18250000,17000000,37000000,29490000
27/11/2024,19200000,18280000,17000000,37500000,29500000
28/11/2024,19290000,18200000,17000000,38000000,29300000
29/11/2024,19100000,18200000,17000000,38000000,29300000
02/12/2024,19000000,18000000,16700000,38000000,29000000
03/12/2024,19000000,18280000,17000000,38000000,29500000
04/12/2024,19000000,18300000,17000000,38000000,29500000
05/12/2024,19000000,18300000,17000000,38000000,29500000
06/12/2024,19420000,18300000,17000000,38000000,29650000
09/12/2024,19450000,18050000,17000000,38000000,29510000
10/12/2024,19520000,18050000,17000000,38000000,29700000
11/12/2024,19500000,18050000,17000000,38000000,29550000
12/12/2024,19500000,18000000,17000000,38000000,29500000
13/12/2024,19500000,18000000,17000000,38000000,29100000
17/12/2024,19600000,18050000,17000000,38500000,28500000
18/12/2024,19950000,18480000,17000000,38500000,28000000
19/12/2024,19850000,18350000,17000000,38250000,28000000
20/12/2024,19800000,18700000,17000000,38000000,28000000
23/12/2024,19900000,18700000,17000000,38000000,28100000
26/12/2024,19900000,19000000,17000000,38000000,28650000
27/12/2024,20000000,19000000,17000000,38000000,28500000
30/12/2024,20000000,19000000,17000000,37500000,28500000
02/01/2025,19950000,19000000,17000000,37200000,29000000
03/01/2025,19500000,19000000,17000000,37200000,28500000
06/01/2025,19500000,19190000,17000000,36200000,28900000
07/01/2025,19500000,19380000,17300000,36300000,28800000
08/01/2025,19650000,19500000,17300000,36200000,28790000
09/01/2025,19650000,19800000,17500000,36200000,28800000
13/01/2025,19700000,20500000,18000000,36000000,29500000
14/01/2025,19600000,20500000,18000000,35800000,29550000
15/01/2025,9600000,20600000,18000000,35500000,29500000
16/01/2025,19900000,20500000,18000000,35300000,28500000
17/01/2025,19800000,20900000,18000000,35300000,29000000
20/01/2025,19800000,20650000,18000000,35300000,29000000
21/01/2025,19900000,20930000,18000000,35500000,29300000
22/01/2025,20000000,21150000,18000000,35500000,29500000
23/01/2025,20200000,21300000,18000000,35500000,29550000
27/01/2025,20400000,21200000,18000000,35500000,30100000
28/01/2025,20950000,21500000,18000000,35632000,31000000
29/01/2025,21300000,22150000,18000000,35649000,31500000
30/01/2025,21300000,22400000,18000000,36715000,31500000
31/01/2025,21300000,22300000,18000000,36760000,31500000
03/02/2025,21000000,22300000,18500000,36800000,31500000
04/02/2025,21000000,22500000,19000000,36800000,32000000
05/02/2025,21400000,22400000,19000000,36800000,32000000
06/02/2025,22000000,22400000,19000000,36800000,32000000
07/02/2025,22000000,22000000,19000000,36500000,32200000
10/02/2025,22000000,22000000,19000000,36550000,32200000
11/02/2025,22000000,22000000,19000000,36800000,32500000
12/02/2025,22000000,21900000,18500000,36800000,32000000
13/02/2025,21950000,21800000,18500000,36915000,32500000
14/02/2025,22000000,21700000,19000000,36930000,33000000
17/02/2025,22000000,21500000,19000000,36970000,33000000
18/02/2025,22150000,21600000,19000000,36970000,33140000
19/02/2025,22300000,21700000,19000000,37000000,33140000
20/02/2025,22300000,21800000,19500000,37300000,33200000
21/02/2025,22600000,21500000,19500000,37300000,33000000
24/02/2025,22600000,21200000,20000000,37030000,32600000
25/02/2025,22500000,21150000,20000000,35900000,33000000
26/02/2025,22450000,21450000,20000000,33000,33000000
27/02/2025,22120000,21480000,20000000,35000000,33100000
28/02/2025,21950000,21480000,20000000,35000000,32250000
05/03/2025,21300000,20850000,20000000,35020000,31850000
06/03/2025,21200000,21200000,20000000,35000000,32900000
07/03/2025,21400000,21000000,20500000,35030000,33000000
10/03/2025,21500000,20750000,20500000,35050000,32850000
11/03/2025,22250000,20800000,20500000,35050000,32900000
12/03/2025,22350000,20600000,20500000,34000000,32050000
13/03/2025,22400000,20750000,20700000,34000000,32000000
14/03/2025,23000000,20700000,21000000,34000000,32000000
17/03/2025,23000000,20650000,21000000,34000000,32100000
18/03/2025,23300000,20740000,21000000,33000000,32500000
19/03/2025,23600000,20850000,20900000,32000000,32750000
20/03/2025,23500000,21000000,21000000,32000000,32800000
21/03/2025,23550000,21000000,21000000,32000000,32750000
25/03/2025,23500000,20900000,21000000,32000000,33050000
26/03/2025,23500000,21000000,21000000,32000000,34000000
27/03/2025,23500000,20900000,21000000,32070000,34300000
28/03/2025,23500000,20800000,21000000,32100000,34300000
03/04/2025,23500000,21350000,21000000,32150000,31500000
04/04/2025,23500000,21450000,21000000,32190000,31000000
08/04/2025,23500000,21800000,21000000,32200000,32000000
09/04/2025,23990000,22200000,21000000,32500000,32400000
10/04/2025,23900000,22450000,21000000,32500000,32500000
11/04/2025,23900000,22500000,21000000,32500000,33000000
14/04/2025,24000000,23000000,21400000,35500000,33000000
16/04/2025,24800000,23200000,21400000,33780000,31700000
21/04/2025,22785000,21600000,19500000,32550000,30250000
24/04/2025,24000000,23100000,21500000,34200000,31500000
25/04/2025,24300000,23300000,21500000,34800000,31000000
28/04/2025,23500000,23100000,21500000,35000000,31000000
29/04/2025,23300000,22800000,21300000,34680000,30200000
30/04/2025,23300000,22800000,21000000,34830000,29000000
05/05/2025,23100000,22100000,21450000,36300000,30800000
06/05/2025,23400000,22350000,21300000,36200000,31650000
07/05/2025,22080000,21000000,20100000,34000000,30300000
08/05/2025,22100000,20400000,19900000,33700000,30000000
09/05/2025,22540000,20700000,20300000,34380000,31000000
12/05/2025,22240000,20700000,20100000,34300000,31000000
14/05/2025,22400000,20800000,19750000,34813000,30500000
15/05/2025,22450000,21100000,20322000,38386000,30800000
19/05/2025,22500000,21000000,20370000,39000000,31250000
20/05/2025,22670000,21200000,20400000,39300000,31500000
21/05/2025,22850000,21300000,20466000,39450000,31500000
23/05/2025,22500000,20600000,20010000,39350000,30750000
26/05/2025,22680000,20700000,20200000,39690000,31100000
27/05/2025,22850000,21080000,20450000,40140000,31400000
28/05/2025,23000000,21000000,20500000,40280000,31000000
29/05/2025,23480000,20970000,21100000,41090000,31700000
30/05/2025,23580000,20900000,21220000,41260000,32000000
02/06/2025,23430000,20500000,21050000,41000000,32000000
03/06/2025,23490000,20520000,21100000,41125000,32250000
04/06/2025,23530000,20500000,21100000,41177500,32300000
05/06/2025,23640000,20650000,20900000,41500000,32350000
06/06/2025,23530000,20370000,20500000,41177500,32130000
09/06/2025,23400000,20290000,20250000,40572000,32000000
10/06/2025,23550000,20280000,20050000,40100000,32080000
11/06/2025,23225000,20500000,19750000,39900000,32600000
12/06/2025,23285000,20500000,19160000,39500000,32380000
13/06/2025,23250000,20550000,19120000,39300000,32700000
17/06/2025,23020000,20100000,18990000,38000000,32690000
18/06/2025,22670000,19800000,18700000,37900000,31820000
19/06/2025,23060000,20000000,19024500,38100000,31940000
23/06/2025,23240000,20200000,19400000,38350000,31950000
24/06/2025,23310000,20000000,19600000,38460000,32300000
25/06/2025,23650000,20100000,19747000,39020000,32100000
26/06/2025,23610000,20180000,19830000,38950000,32100000
27/06/2025,23600000,20150000,19830000,38940000,32100000
30/06/2025,23860000,20210000,19980000,39470000,32100000
01/07/2025,24000000,20300000,20000000,40000000,32000000
02/07/2025,24150000,20400000,20050000,40260000,31500000
03/07/2025,24195000,20870000,20163000,40326000,31500000
04/07/2025,24370000,20600000,20310000,40620000,31500000
07/07/2025,24470000,21000000,20700000,41415000,31500000
08/07/2025,24300000,20850000,20560000,41118000,31500000
10/07/2025,24300000,21182000,20560000,41118000,32000000
11/07/2025,24500000,21300000,20800000,41332500,32300000
14/07/2025,25000000,21590000,21480000,41943000,33000000
15/07/2025,24640000,21800000,21500000,41283000,33000000
16/07/2025,24970000,21990000,21440000,41316000,33000000
17/07/2025,25150000,22100000,22137500,41745000,33500000
18/07/2025,25520000,22200000,22310000,42500000,34000000
21/07/2025,25320000,21800000,22155000,42500000,33850000
22/07/2025,25350000,21600000,22140000,42040000,33600000
23/07/2025,25250000,22200000,21900000,42450000,34000000
24/07/2025,25600000,22610000,22350000,42950000,34150000
25/07/2025,25600000,22750000,22250000,43210000,34500000
28/07/2025,26000000,22760000,22760000,44000000,36000000
29/07/2025,25900000,22819600,22819600,44500000,36500000
30/07/2025,26380000,23380000,23250000,45700000,37000000
31/07/2025,27550000,24435000,24200000,47775000,38500000
01/08/2025,27380000,24120000,24000000,47425000,38900000
04/08/2025,27300000,24110000,23750000,47280000,39500000
05/08/2025,26800000,23750000,23270000,47100000,39200000
06/08/2025,26800000,23280000,23150000,46970000,39000000
07/08/2025,26680000,23180000,23050000,46770000,39030000
08/08/2025,26998500,23310000,23040000,46750000,39000000
11/08/2025,26654000,22977000,22977000,46610000,38500000
12/08/2025,26500000,22700000,22600000,46450000,39000000
13/08/2025,26470000,22690000,22560000,46300000,39000000
14/08/2025,26200000,22460000,22334300,45830500,38400000
18/08/2025,26065000,22700000,22150000,45500000,38000000
19/08/2025,26055000,22530000,21950000,45570000,38050000
20/08/2025,26227000,22650000,22350000,45866000,38500000
21/08/2025,26512000,22920000,22800000,47000000,39000000
22/08/2025,26620000,23050000,22900000,47232000,39200000
25/08/2025,27400000,23745000,23677500,48708000,40000000
26/08/2025,27220000,23580000,23580000,48510000,40000000
27/08/2025,27000000,23050000,23050000,48258000,39400000
28/08/2025,26550000,22770000,22770000,47664000,38700000
29/08/2025,6660000,23327500,22660000,47988000,38900000
01/09/2025,27300000,24000000,23000000,49068000,39500000
02/09/2025,27100000,23700000,22308000,48672000,40000000
03/09/2025,27050000,23700000,22310000,48690000,39500000
04/09/2025,27100000,23800000,22330000,48726000,40000000
05/09/2025,27000000,24230000,22200000,48456000,40000000
08/09/2025,28100000,24900000,23100000,50000000,41000000
09/09/2025,28250000,24800000,23220000,50200000,41500000
10/09/2025,28290000,24900000,23330000,50450000,42000000
11/09/2025,28460000,25050000,23480000,51000000,42500000
12/09/2025,28160000,25490000,23820000,51200000,43500000
15/09/2025,28400000,25750000,24057000,51000000,44000000
16/09/2025,28180000,26300000,24090000,50800000,44000000
17/09/2025,28130000,26380000,24180000,50000000,44000000
18/09/2025,28130000,26400000,24180000,49000000,44000000
19/09/2025,27854000,26390000,24350000,49000000,43980000
22/09/2025,27900000,25880000,23780000,46860000,50500000
23/09/2025,27200000,25840000,23120000,46240000,49300000
24/09/2025,26570000,25000000,22584500,44500000,46100000
25/09/2025,26400000,23800000,22500000,43824000,44950000
26/09/2025,26300000,23900000,22389000,44100000,45300000
29/09/2025,26200000,24200000,23000000,44583000,47500000
30/09/2025,26600000,24678000,23307000,45243000,48000000
01/10/2025,27573000,24880000,24038000,46662000,49500000
