fecha,maiz_ars,trigo_ars,soja_ars,tipo_cambio_usd,maiz_usd,trigo_usd,soja_usd
2018-07-02,4290.0,5990.0,7990.0,28.3,151.59,211.66,282.33
2018-07-03,4185.0,5920.0,7740.0,27.8,150.54,212.95,278.42
2018-07-04,4200.0,5850.0,7730.0,27.8,151.08,210.43,278.06
2018-07-05,4210.0,5900.0,7800.0,28.05,150.09,210.34,278.07
2018-07-06,4250.0,5820.0,8010.0,27.9,152.33,208.6,287.1
2018-07-10,4160.0,5800.0,7780.0,27.37,151.99,211.91,284.25
2018-07-11,4130.0,5800.0,7720.0,27.39,150.78,211.76,281.85
2018-07-12,4150.0,5720.0,7700.0,27.23,152.41,210.06,282.78
2018-07-13,4140.0,5700.0,7610.0,27.21,152.15,209.48,279.68
2018-07-16,4150.0,5650.0,7710.0,27.36,151.68,206.51,281.8
2018-07-17,4200.0,5660.0,7710.0,27.55,152.45,205.44,279.85
2018-07-18,4250.0,5660.0,7720.0,27.598,154.0,205.09,279.73
2018-07-19,4300.0,5640.0,7700.0,27.75,154.95,203.24,277.48
2018-07-20,4390.0,5680.0,7670.0,27.58,159.17,205.95,278.1
2018-07-23,4390.0,5650.0,7650.0,27.62,158.94,204.56,276.97
2018-07-24,4410.0,5800.0,7650.0,27.48,160.48,211.06,278.38
2018-07-25,4400.0,5750.0,7600.0,27.39,160.64,209.93,277.47
2018-07-26,4425.0,5800.0,7600.0,27.41,161.44,211.6,277.27
2018-07-27,4450.0,5780.0,7600.0,27.325,162.85,211.53,278.13
2018-07-30,4500.0,5800.0,7620.0,27.255,165.11,212.8,279.58
2018-07-31,4500.0,5795.0,7720.0,27.41,164.17,211.42,281.65
2018-08-01,4550.0,5950.0,7600.0,27.525,165.3,216.17,276.11
2018-08-06,4450.0,6000.0,7220.0,27.33,162.82,219.54,264.18
2018-08-07,4400.0,6000.0,7300.0,27.395,160.61,219.02,266.47
2018-08-08,4460.0,6040.0,7500.0,27.65,161.3,218.44,271.25
2018-08-09,4400.0,6100.0,7605.0,28.11,156.53,217.0,270.54
2018-08-10,4450.0,6400.0,7605.0,29.25,152.14,218.8,260.0
2018-08-13,4480.0,6450.0,8000.0,29.925,149.71,215.54,267.34
2018-08-14,4490.0,6450.0,7700.0,29.61,151.64,217.83,260.05
2018-08-15,4610.0,6500.0,7800.0,30.0,153.67,216.67,260.0
2018-08-16,4600.0,6510.0,8000.0,29.8,154.36,218.46,268.46
2018-08-17,4630.0,6510.0,7900.0,29.85,155.11,218.09,264.66
2018-08-21,4605.0,6500.0,7900.0,30.0,153.5,216.67,263.33
2018-08-22,4600.0,6500.0,7900.0,30.25,152.07,214.88,261.16
2018-08-23,4600.0,6550.0,7720.0,30.49,150.87,214.82,253.2
2018-08-24,4560.0,6550.0,7930.0,30.9,147.57,211.97,256.63
2018-08-27,4475.0,6600.0,7820.0,30.97,144.49,213.11,252.5
2018-08-28,4550.0,6700.0,7900.0,31.35,145.14,213.72,251.99
2018-08-29,4820.0,7010.0,8270.0,33.8,142.6,207.4,244.67
2018-08-30,5400.0,8000.0,9000.0,37.6,143.62,212.77,239.36
2018-08-31,5000.0,7050.0,9000.0,36.85,135.69,191.32,244.23
2018-09-04,5000.0,7700.0,9120.0,38.88,128.6,198.05,234.57
2018-09-05,5000.0,8000.0,9150.0,38.4,130.21,208.33,238.28
2018-09-07,5050.0,7400.0,9210.0,36.99,136.52,200.05,248.99
2018-09-10,5100.0,7370.0,9320.0,37.38,136.44,197.16,249.33
2018-09-11,5180.0,7800.0,9510.0,37.941,136.53,205.58,250.65
2018-09-12,5140.0,7870.0,9500.0,38.25,134.38,205.75,248.37
2018-09-13,5290.0,7920.0,9720.0,39.55,133.75,200.25,245.76
2018-09-14,5350.0,7970.0,9750.0,39.86,134.22,199.95,244.61
2018-09-17,5250.0,7980.0,9550.0,39.53,132.81,201.87,241.59
2018-09-18,5330.0,8010.0,9580.0,39.731,134.15,201.61,241.12
2018-09-19,5300.0,8100.0,9740.0,39.21,135.17,206.58,248.41
2018-09-24,5100.0,8000.0,9250.0,37.3,136.73,214.48,247.99
2018-09-26,5300.0,8330.0,9800.0,38.51,137.63,216.31,254.48
2018-09-27,5460.0,8400.0,10015.0,39.7,137.53,211.59,252.27
2018-09-28,5650.0,8600.0,10560.0,41.25,136.97,208.48,256.0
2018-10-01,5520.0,8650.0,10150.0,39.55,139.57,218.71,256.64
2018-10-03,5120.0,8250.0,9720.0,37.69,135.85,218.89,257.89
2018-10-04,5230.0,8400.0,10170.0,38.3,136.55,219.32,265.54
2018-10-05,5170.0,8400.0,10110.0,37.84,136.63,221.99,267.18
2018-10-09,5000.0,8450.0,9650.0,37.12,134.7,227.64,259.97
2018-10-11,4900.0,8500.0,9340.0,36.57,133.99,232.43,255.4
2018-10-17,4860.0,8640.0,9410.0,36.18,134.33,238.81,260.09
2018-10-23,4700.0,6800.0,9130.0,36.59,128.45,185.84,249.52
2018-10-24,4710.0,6750.0,9100.0,37.0,127.3,182.43,245.95
2018-10-25,4700.0,6650.0,8850.0,36.79,127.75,180.76,240.55
2018-10-26,4740.0,6600.0,9020.0,36.84,128.66,179.15,244.84
2018-10-29,4690.0,6600.0,9050.0,36.9,127.1,178.86,245.26
2018-10-30,4680.0,6560.0,9050.0,36.715,127.47,178.67,246.49
2018-10-31,4650.0,6320.0,8750.0,35.95,129.35,175.8,243.39
2018-11-01,4670.0,6385.0,9050.0,35.67,130.92,179.0,253.71
2018-11-02,4700.0,6350.0,9050.0,35.49,132.43,178.92,255.0
2018-11-05,4690.0,6200.0,8840.0,35.65,131.56,173.91,247.97
2018-11-06,4700.0,6200.0,8800.0,35.65,131.84,173.91,246.84
2018-11-07,4700.0,6200.0,8820.0,35.67,131.76,173.82,247.27
2018-11-08,4710.0,6200.0,8720.0,35.5,132.68,174.65,245.63
2018-11-09,4650.0,6170.0,8700.0,35.38,131.43,174.39,245.9
2018-11-12,4660.0,6200.0,8660.0,35.38,131.71,175.24,244.77
2018-11-13,4700.0,6300.0,8900.0,36.05,130.37,174.76,246.88
2018-11-14,4730.0,6300.0,8870.0,35.9,131.75,175.49,247.08
2018-11-15,4750.0,6380.0,8900.0,36.05,131.76,176.98,246.88
2018-11-20,4740.0,6140.0,8850.0,36.18,131.01,169.71,244.61
2018-11-21,4740.0,6220.0,8900.0,36.255,130.74,171.56,245.48
2018-11-22,4760.0,6290.0,8830.0,36.255,131.29,173.49,243.55
2018-11-23,4800.0,6600.0,9000.0,37.5,128.0,176.0,240.0
2018-11-26,4990.0,7000.0,9200.0,39.05,127.78,179.26,235.6
2018-11-27,5050.0,7030.0,9230.0,38.55,131.0,182.36,239.43
2018-11-28,5180.0,7000.0,9400.0,38.46,134.69,182.01,244.41
2018-11-29,5150.0,6770.0,9200.0,37.72,136.53,179.48,243.9
2018-11-30,5180.0,6600.0,9230.0,37.72,137.33,174.97,244.7
2018-12-03,5160.0,6360.0,9070.0,36.5,141.37,174.25,248.49
2018-12-04,5180.0,6585.0,9200.0,37.4,138.5,176.07,245.99
2018-12-05,5300.0,6870.0,9230.0,37.45,141.52,183.44,246.46
2018-12-06,5350.0,7050.0,9160.0,37.7,141.91,187.0,242.97
2018-12-07,5350.0,7180.0,9020.0,37.4,143.05,191.98,241.18
2018-12-10,5400.0,7480.0,9150.0,37.66,143.39,198.62,242.96
2018-12-11,5470.0,7470.0,9100.0,37.8,144.71,197.62,240.74
2018-12-12,5520.0,7480.0,9120.0,37.59,146.85,198.99,242.62
2018-12-13,5600.0,7690.0,9050.0,37.83,148.03,203.28,239.23
2018-12-17,5600.0,8100.0,9080.0,38.26,146.37,211.71,237.32
2018-12-18,5690.0,7750.0,9130.0,38.26,148.72,202.56,238.63
2018-12-19,5700.0,7750.0,9120.0,38.37,148.55,201.98,237.69
2018-12-20,5550.0,7700.0,9020.0,38.05,145.86,202.37,237.06
2018-12-21,5500.0,7740.0,8990.0,37.975,144.83,203.82,236.73
2018-12-24,5500.0,7740.0,8990.0,37.975,144.83,203.82,236.73
2018-12-26,5480.0,7840.0,8960.0,38.6,141.97,203.11,232.12
2018-12-27,5495.0,7810.0,9000.0,38.3,143.47,203.92,234.99
2018-12-28,5400.0,7725.0,9020.0,37.7,143.24,204.91,239.26
2019-01-02,5490.0,7650.0,9180.0,37.65,145.82,203.19,243.82
2019-01-03,5490.0,7710.0,9200.0,37.45,146.6,205.87,245.66
2019-01-04,5450.0,7620.0,9280.0,37.37,145.84,203.91,248.33
2019-01-07,5480.0,7570.0,9230.0,37.305,146.9,202.92,247.42
2019-01-08,5550.0,7500.0,9220.0,37.6,147.61,199.47,245.21
2019-01-09,5550.0,7510.0,9295.0,37.37,148.51,200.96,248.73
2019-01-10,5550.0,7300.0,9050.0,37.08,149.68,196.87,244.07
2019-01-11,5580.0,7350.0,9050.0,36.9,151.22,199.19,245.26
2019-01-14,5595.0,7350.0,8970.0,37.0,151.22,198.65,242.43
2019-01-15,5530.0,7430.0,8920.0,37.1,149.06,200.27,240.43
2019-01-16,5400.0,7530.0,9100.0,37.5,144.0,200.8,242.67
2019-01-17,5560.0,7650.0,9300.0,37.71,147.44,202.86,246.62
2019-01-18,5560.0,7690.0,9390.0,37.58,147.95,204.63,249.87
2019-01-21,5540.0,7730.0,9380.0,37.58,147.42,205.69,249.6
2019-01-22,5530.0,7710.0,9310.0,37.53,147.35,205.44,248.07
2019-01-23,5545.0,7735.0,9365.0,37.56,147.63,205.94,249.33
2019-01-24,5600.0,7810.0,9330.0,37.4,149.73,208.82,249.47
2019-01-25,5580.0,7735.0,9280.0,37.03,150.69,208.88,250.61
2019-01-28,5580.0,7770.0,9310.0,37.15,150.2,209.15,250.61
2019-01-29,5600.0,7900.0,9410.0,37.7,148.54,209.55,249.6
2019-01-30,5670.0,7910.0,9460.0,37.51,151.16,210.88,252.2
2019-01-31,5580.0,7820.0,9350.0,37.35,149.4,209.37,250.33
2019-02-01,5550.0,7765.0,9390.0,37.17,149.31,208.91,252.62
2019-02-04,5500.0,7790.0,9270.0,37.19,147.89,209.46,249.26
2019-02-05,5390.0,7780.0,9240.0,37.2,144.89,209.14,248.39
2019-02-06,5500.0,7780.0,9310.0,37.52,146.59,207.36,248.13
2019-02-07,5580.0,7750.0,9280.0,37.82,147.54,204.92,245.37
2019-02-08,5400.0,7720.0,9250.0,37.85,142.67,203.96,244.39
2019-02-11,5350.0,7545.0,9170.0,37.91,141.12,199.02,241.89
2019-02-12,5250.0,7560.0,9250.0,37.99,138.19,199.0,243.49
2019-02-13,5250.0,7530.0,9250.0,38.22,137.36,197.02,242.02
2019-02-14,5310.0,7440.0,9170.0,38.22,138.93,194.66,239.93
2019-02-15,5390.0,7490.0,9270.0,38.62,139.56,193.94,240.03
2019-02-18,5290.0,7200.0,9270.0,38.62,136.98,186.43,240.03
2019-02-19,5300.0,7330.0,9330.0,39.27,134.96,186.66,237.59
2019-02-20,5420.0,7300.0,9490.0,39.67,136.63,184.02,239.22
2019-02-22,5425.0,7220.0,9400.0,39.22,138.32,184.09,239.67
2019-02-25,5350.0,7340.0,9380.0,39.049,137.01,187.97,240.21
2019-02-26,5430.0,7250.0,9230.0,38.87,139.7,186.52,237.46
2019-02-27,5405.0,7180.0,9160.0,38.82,139.23,184.96,235.96
2019-02-28,5260.0,7020.0,9205.0,39.15,134.36,179.31,235.12
2019-03-01,5350.0,7020.0,9200.0,39.81,134.39,176.34,231.1
2019-03-06,5500.0,7300.0,9400.0,40.75,134.97,179.14,230.67
2019-03-07,5680.0,7420.0,9730.0,42.5,133.65,174.59,228.94
2019-03-08,5580.0,7175.0,9520.0,41.2,135.44,174.15,231.07
2019-03-11,5670.0,7190.0,9320.0,41.3,137.29,174.09,225.67
2019-03-12,5750.0,7150.0,9470.0,41.5,138.55,172.29,228.19
2019-03-13,5650.0,7250.0,9480.0,41.2,137.14,175.97,230.1
2019-03-14,5525.0,7150.0,9380.0,40.77,135.52,175.37,230.07
2019-03-15,5450.0,7000.0,9350.0,40.0,136.25,175.0,233.75
2019-03-18,5430.0,6965.0,9170.0,40.05,135.58,173.91,228.96
2019-03-19,5480.0,7050.0,9150.0,40.5,135.31,174.07,225.93
2019-03-20,5600.0,6910.0,9200.0,40.85,137.09,169.16,225.21
2019-03-21,5640.0,7000.0,9320.0,41.075,137.31,170.42,226.9
2019-03-22,5820.0,7075.0,9550.0,41.8,139.23,169.26,228.47
2019-03-25,5740.0,7100.0,9405.0,42.08,136.41,168.73,223.5
2019-03-26,5800.0,7220.0,9450.0,42.64,136.02,169.32,221.62
2019-03-27,5950.0,7500.0,9500.0,43.87,135.63,170.96,216.55
2019-03-28,5860.0,7650.0,9500.0,43.63,134.31,175.34,217.74
2019-03-29,5670.0,7550.0,9400.0,43.345,130.81,174.18,216.86
2019-04-01,5650.0,7400.0,9500.0,42.715,132.27,173.24,222.4
2019-04-03,5700.0,7450.0,9450.0,42.87,132.96,173.78,220.43
2019-04-04,5850.0,7600.0,9500.0,43.41,134.76,175.07,218.84
2019-04-05,5950.0,7650.0,9410.0,43.93,135.44,174.14,214.2
2019-04-08,5960.0,7700.0,9200.0,43.65,136.54,176.4,210.77
2019-04-09,5990.0,7600.0,9060.0,43.35,138.18,175.32,209.0
2019-04-10,5790.0,7970.0,9110.0,43.01,134.62,185.31,211.81
2019-04-11,5700.0,7740.0,9010.0,42.75,133.33,181.05,210.76
2019-04-12,5520.0,7690.0,8920.0,42.18,130.87,182.31,211.47
2019-04-15,5520.0,7410.0,8950.0,41.62,132.63,178.04,215.04
2019-04-16,5630.0,7650.0,9010.0,42.39,132.81,180.47,212.55
2019-04-17,5600.0,7750.0,9130.0,41.9,133.65,184.96,217.9
2019-04-22,5560.0,7820.0,9270.0,42.48,130.89,184.09,218.22
2019-04-23,5540.0,7995.0,9100.0,42.4,130.66,188.56,214.62
2019-04-24,5680.0,8180.0,9540.0,43.95,129.24,186.12,217.06
2019-04-25,5980.0,8330.0,9960.0,44.905,133.17,185.5,221.8
2019-04-26,5900.0,8500.0,9860.0,45.97,128.34,184.9,214.49
2019-04-29,5790.0,8165.0,9495.0,44.325,130.63,184.21,214.21
2019-04-30,5930.0,8300.0,9230.0,44.15,134.31,188.0,209.06
2019-05-02,6090.0,8470.0,9150.0,44.8,135.94,189.06,204.24
2019-05-03,6170.0,8350.0,9070.0,44.44,138.84,187.89,204.1
2019-05-06,5990.0,8270.0,8980.0,44.65,134.15,185.22,201.12
2019-05-07,6050.0,8390.0,9360.0,45.33,133.47,185.09,206.49
2019-05-08,6070.0,8280.0,9430.0,45.1,134.59,183.59,209.09
2019-05-09,5985.0,8450.0,9460.0,45.25,132.27,186.74,209.06
2019-05-13,6000.0,8530.0,9560.0,45.1,133.04,189.14,211.97
2019-05-14,6130.0,8580.0,9850.0,44.97,136.31,190.79,219.03
2019-05-15,6150.0,8350.0,10030.0,45.0,136.67,185.56,222.89
2019-05-16,6250.0,8250.0,9950.0,44.79,139.54,184.19,222.15
2019-05-17,6295.0,8290.0,9880.0,45.0,139.89,184.22,219.56
2019-05-20,6490.0,8410.0,10010.0,45.19,143.62,186.1,221.51
2019-05-21,6650.0,8330.0,9870.0,44.77,148.54,186.06,220.46
2019-05-22,6630.0,8490.0,10010.0,44.9,147.66,189.09,222.94
2019-05-23,6600.0,8750.0,10010.0,45.09,146.37,194.06,222.0
2019-05-24,6800.0,8700.0,10170.0,44.82,151.72,194.11,226.91
2019-05-27,6910.0,8850.0,10170.0,44.82,154.17,197.46,226.91
2019-05-28,6980.0,8898.0,10350.0,44.69,156.19,199.1,231.6
2019-05-29,6750.0,8850.0,10420.0,44.45,151.86,199.1,234.42
2019-05-30,6820.0,8870.0,10500.0,44.55,153.09,199.1,235.69
2019-05-31,6990.0,9125.0,10450.0,44.76,156.17,203.87,233.47
2019-06-03,6980.0,9155.0,10430.0,44.87,155.56,204.03,232.45
2019-06-04,6990.0,9050.0,10430.0,44.71,156.34,202.42,233.28
2019-06-05,6900.0,8940.0,10320.0,44.9,153.67,199.11,229.84
2019-06-06,6640.0,9160.0,10350.0,44.93,147.79,203.87,230.36
2019-06-07,6640.0,9110.0,10140.0,44.85,148.05,203.12,226.09
2019-06-10,6960.0,9160.0,10190.0,44.9,155.01,204.01,226.95
2019-06-11,6960.0,9120.0,10140.0,44.7,155.7,204.03,226.85
2019-06-12,6860.0,8900.0,10000.0,43.67,157.09,203.8,228.99
2019-06-13,6950.0,8840.0,9910.0,43.37,160.25,203.83,228.5
2019-06-14,7110.0,8930.0,9920.0,43.97,161.7,203.09,225.61
2019-06-18,7100.0,8870.0,9920.0,43.48,163.29,204.0,228.15
2019-06-19,7200.0,9050.0,9710.0,43.3,166.28,209.01,224.25
2019-06-24,7210.0,8870.0,9600.0,42.44,169.89,209.0,226.2
2019-06-25,7170.0,8850.0,9500.0,42.38,169.18,208.82,224.16
2019-06-26,6980.0,9000.0,9550.0,42.73,163.35,210.62,223.5
2019-06-27,6800.0,9100.0,9500.0,42.7,159.25,213.11,222.48
2019-07-01,6280.0,8600.0,9280.0,42.37,148.22,202.97,219.02
2019-07-02,6350.0,8820.0,9330.0,42.2,150.47,209.0,221.09
2019-07-03,6750.0,8765.0,9400.0,42.03,160.6,208.54,223.65
2019-07-04,6750.0,8540.0,9300.0,42.03,160.6,203.19,221.27
2019-07-10,6380.0,8650.0,9510.0,41.82,152.56,206.84,227.4
2019-07-11,6435.0,8500.0,9450.0,41.7,154.32,203.84,226.62
2019-07-12,6490.0,8650.0,9550.0,41.6,156.01,207.93,229.57
2019-07-15,6440.0,8862.0,9610.0,42.4,151.89,209.01,226.65
2019-07-16,6110.0,8910.0,9640.0,42.661,143.22,208.86,225.97
2019-07-17,6130.0,8950.0,9640.0,42.5,144.24,210.59,226.82
2019-07-18,6030.0,8870.0,9610.0,42.455,142.03,208.93,226.36
2019-07-19,6030.0,8870.0,9790.0,42.42,142.15,209.1,230.79
2019-07-22,6000.0,8880.0,9620.0,42.45,141.34,209.19,226.62
2019-07-23,6100.0,8900.0,9710.0,42.66,142.99,208.63,227.61
2019-07-24,6190.0,8900.0,9820.0,42.871,144.39,207.6,229.06
2019-07-25,6250.0,9050.0,9800.0,43.37,144.11,208.67,225.96
2019-07-26,6200.0,9060.0,10000.0,43.35,143.02,209.0,230.68
2019-07-29,6200.0,9100.0,10110.0,43.83,141.46,207.62,230.66
2019-07-30,6230.0,9160.0,10200.0,43.931,141.81,208.51,232.18
2019-07-31,6105.0,9150.0,10100.0,43.87,139.16,208.57,230.23
2019-08-01,6010.0,9050.0,10100.0,44.36,135.48,204.01,227.68
2019-08-05,5850.0,9190.0,10650.0,45.49,128.6,202.02,234.12
2019-08-06,5830.0,9010.0,10700.0,45.299,128.7,198.9,236.21
2019-08-07,5920.0,9070.0,10910.0,45.59,129.85,198.95,239.31
2019-08-08,5900.0,9200.0,11000.0,45.22,130.47,203.45,243.26
2019-08-09,6100.0,9000.0,11000.0,45.25,134.81,198.9,243.09
2019-08-14,7520.0,11400.0,14450.0,60.4,124.5,188.74,239.24
2019-08-15,7085.0,11100.0,13750.0,57.25,123.76,193.89,240.17
2019-08-16,6695.0,10700.0,13440.0,55.0,121.73,194.55,244.36
2019-08-20,6650.0,10637.0,13250.0,54.75,121.46,194.28,242.01
2019-08-21,6740.0,10690.0,13430.0,55.02,122.5,194.29,244.09
2019-08-22,6806.0,10703.0,13366.0,55.09,123.54,194.28,242.62
2019-08-23,6868.0,10715.0,13190.0,55.15,124.53,194.29,239.17
2019-08-26,6950.0,10720.0,13230.0,55.29,125.7,193.89,239.28
2019-08-27,7070.0,10930.0,13210.0,56.3,125.58,194.14,234.64
2019-08-28,7295.0,11270.0,13670.0,58.1,125.56,193.98,235.28
2019-08-29,7305.0,11340.0,13650.0,57.9,126.17,195.85,235.75
2019-08-30,7480.0,11560.0,13995.0,59.51,125.69,194.25,235.17
2019-09-03,6700.0,10870.0,13000.0,55.98,119.69,194.18,232.23
2019-09-04,6870.0,11110.0,13400.0,56.0,122.68,198.39,239.29
2019-09-05,7050.0,11440.0,13100.0,56.01,125.87,204.25,233.89
2019-09-06,6960.0,11600.0,13100.0,55.82,124.69,207.81,234.68
2019-09-09,6977.0,11400.0,13100.0,56.02,124.54,203.5,233.85
2019-09-10,7090.0,11440.0,13400.0,56.01,126.58,204.25,239.24
2019-09-11,7170.0,11700.0,13250.0,56.18,127.63,208.26,235.85
2019-09-12,7250.0,11850.0,13390.0,56.12,129.19,211.15,238.6
2019-09-13,7270.0,11500.0,13470.0,56.11,129.57,204.95,240.06
2019-09-16,7310.0,11500.0,13470.0,56.28,129.89,204.34,239.34
2019-09-17,7350.0,11540.0,13450.0,56.51,130.07,204.21,238.01
2019-09-18,7310.0,11545.0,13400.0,56.52,129.33,204.26,237.08
2019-09-19,7300.0,11555.0,13500.0,56.57,129.04,204.26,238.64
2019-09-20,7340.0,11575.0,13270.0,56.67,129.52,204.25,234.16
2019-09-23,7370.0,11750.0,13420.0,56.921,129.48,206.43,235.77
2019-09-24,7340.0,11900.0,13375.0,56.87,129.07,209.25,235.19
2019-09-25,7390.0,12220.0,13390.0,57.04,129.56,214.24,234.75
2019-09-26,7320.0,12220.0,13395.0,57.21,127.95,213.6,234.14
2019-09-27,7410.0,12220.0,13366.0,57.32,129.27,213.19,233.18
2019-10-04,7475.0,9500.0,13720.0,57.73,129.48,164.56,237.66
2019-10-07,7475.0,9500.0,13720.0,57.84,129.24,164.25,237.21
2019-10-08,7510.0,9760.0,13950.0,57.85,129.82,168.71,241.14
2019-10-09,7570.0,9770.0,14050.0,57.99,130.54,168.48,242.28
2019-10-11,7600.0,9900.0,14200.0,58.05,130.92,170.54,244.62
2019-10-15,7670.0,9870.0,13650.0,58.27,131.63,169.38,234.25
2019-10-16,7850.0,10200.0,13700.0,58.348,134.54,174.81,234.8
2019-10-17,7846.0,10170.0,13740.0,58.319,134.54,174.39,235.6
2019-10-18,7850.0,10180.0,13956.0,58.35,134.53,174.46,239.18
2019-10-22,7890.0,10220.0,14250.0,58.65,134.53,174.25,242.97
2019-10-24,8020.0,10370.0,14600.0,59.45,134.9,174.43,245.58
2019-10-25,8075.0,10450.0,14600.0,59.99,134.61,174.2,243.37
2019-10-28,8000.0,10140.0,14230.0,59.5,134.45,170.42,239.16
2019-10-29,8030.0,10200.0,14520.0,59.47,135.03,171.52,244.16
2019-10-30,8300.0,10180.0,14740.0,59.72,138.98,170.46,246.82
2019-10-31,8325.0,10110.0,14860.0,59.67,139.52,169.43,249.04
2019-11-01,8460.0,10120.0,14950.0,59.75,141.59,169.37,250.21
2019-11-04,8450.0,10120.0,14935.0,59.7,141.54,169.51,250.17
2019-11-05,8450.0,10110.0,14900.0,59.65,141.66,169.49,249.79
2019-11-06,8615.0,10110.0,14700.0,59.65,144.43,169.49,246.44
2019-11-07,8613.0,10100.0,15000.0,59.6,144.51,169.46,251.68
2019-11-08,8600.0,10050.0,14940.0,59.504,144.53,168.9,251.08
2019-11-11,8665.0,10150.0,14900.0,59.504,145.62,170.58,250.4
2019-11-12,8630.0,10050.0,15080.0,59.7,144.56,168.34,252.6
2019-11-13,8640.0,10000.0,15120.0,59.72,144.68,167.45,253.18
2019-11-14,8760.0,10060.0,15100.0,59.72,146.68,168.45,252.85
2019-11-15,8920.0,10000.0,15020.0,59.67,149.49,167.59,251.72
2019-11-19,8920.0,9630.0,14880.0,59.69,149.44,161.33,249.29
2019-11-20,8930.0,9700.0,14870.0,59.73,149.51,162.4,248.95
2019-11-21,8940.0,9835.0,14910.0,59.8,149.5,164.46,249.33
2019-11-22,8995.0,9830.0,14890.0,59.77,150.49,164.46,249.12
2019-11-25,9100.0,10100.0,14900.0,59.71,152.4,169.15,249.54
2019-11-26,8960.0,9980.0,14815.0,59.94,149.48,166.5,247.16
2019-11-27,8820.0,10000.0,14880.0,59.77,147.57,167.31,248.95
2019-11-28,8650.0,10140.0,14700.0,59.77,144.72,169.65,245.94
2019-11-29,8780.0,10040.0,14700.0,59.94,146.48,167.5,245.25
2019-12-02,8750.0,9900.0,14830.0,59.975,145.89,165.07,247.27
2019-12-03,8800.0,9920.0,14930.0,59.925,146.85,165.54,249.14
2019-12-04,8750.0,9996.0,14980.0,59.88,146.13,166.93,250.17
2019-12-05,8620.0,9870.0,14810.0,59.985,143.7,164.54,246.9
2019-12-06,8570.0,10100.0,14930.0,59.94,142.98,168.5,249.08
2019-12-09,8425.0,10100.0,14935.0,59.945,140.55,168.49,249.15
2019-12-10,8260.0,9930.0,14800.0,59.85,138.01,165.91,247.28
2019-12-26,8240.0,10050.0,14325.0,59.89,137.59,167.81,239.19
2019-12-27,8170.0,10130.0,14700.0,59.83,136.55,169.31,245.7
2019-12-30,8170.0,10140.0,15050.0,59.89,136.42,169.31,251.29
2020-01-02,8340.0,10370.0,15360.0,59.815,139.43,173.37,256.79
2020-01-03,8346.0,10500.0,15100.0,59.815,139.53,175.54,252.45
2020-01-06,8500.0,10550.0,15400.0,59.815,142.1,176.38,257.46
2020-01-07,8640.0,10550.0,15200.0,59.815,144.45,176.38,254.12
2020-01-08,8700.0,10600.0,15200.0,59.815,145.45,177.21,254.12
2020-01-09,8940.0,10730.0,15380.0,59.815,149.46,179.39,257.13
2020-01-10,9000.0,10790.0,15500.0,59.816,150.46,180.39,259.13
2020-01-13,9200.0,11350.0,15535.0,59.95,153.46,189.32,259.13
2020-01-14,9220.0,11550.0,15600.0,60.06,153.51,192.31,259.74
2020-01-15,9340.0,11590.0,15550.0,59.95,155.8,193.33,259.38
2020-01-16,9270.0,11550.0,15500.0,59.975,154.56,192.58,258.44
2020-01-17,9420.0,11650.0,15550.0,60.005,156.99,194.15,259.15
2020-01-20,9390.0,11500.0,15550.0,60.005,156.49,191.65,259.15
2020-01-21,9580.0,11900.0,15400.0,60.1,159.4,198.0,256.24
2020-01-22,9580.0,12000.0,15450.0,60.07,159.48,199.77,257.2
2020-01-23,9580.0,12200.0,15570.0,60.08,159.45,203.06,259.15
2020-01-24,9300.0,12300.0,15300.0,60.091,154.77,204.69,254.61
2020-01-27,9060.0,12100.0,15250.0,60.17,150.57,201.1,253.45
2020-01-28,9100.0,12200.0,15295.0,60.18,151.21,202.73,254.15
2020-01-29,9065.0,12185.0,15100.0,60.23,150.51,202.31,250.71
2020-01-30,9008.0,12000.0,15010.0,60.25,149.51,199.17,249.13
2020-01-31,9100.0,11850.0,14800.0,60.35,150.79,196.35,245.24
2020-02-03,9140.0,11850.0,14790.0,60.46,151.17,196.0,244.62
2020-02-04,9057.0,12000.0,14793.0,60.58,149.5,198.09,244.19
2020-02-05,9055.0,12000.0,14900.0,60.59,149.45,198.05,245.92
2020-02-06,9070.0,12020.0,14950.0,60.69,149.45,198.06,246.33
2020-02-07,9090.0,11900.0,15100.0,60.78,149.56,195.79,248.44
2020-02-10,9180.0,12000.0,15100.0,60.978,150.55,196.79,247.63
2020-02-11,9220.0,12040.0,14950.0,61.119,150.85,196.99,244.6
2020-02-12,9380.0,12020.0,15150.0,61.229,153.2,196.31,247.43
2020-02-13,9300.0,12000.0,15175.0,61.389,151.49,195.47,247.19
2020-02-14,9070.0,12070.0,15130.0,61.459,147.58,196.39,246.18
2020-02-17,8970.0,11950.0,15150.0,61.459,145.95,194.44,246.51
2020-02-18,8730.0,11920.0,15300.0,61.662,141.58,193.31,248.13
2020-02-19,8615.0,11900.0,15050.0,61.729,139.56,192.78,243.81
2020-02-20,8620.0,12010.0,14780.0,61.789,139.51,194.37,239.2
2020-02-21,8500.0,11930.0,14505.0,61.839,137.45,192.92,234.56
2020-02-28,8090.0,12215.0,13700.0,62.21,130.04,196.35,220.22
2020-03-02,8130.0,12400.0,13700.0,62.259,130.58,199.17,220.05
2020-03-03,8385.0,12200.0,14100.0,62.309,134.57,195.8,226.29
2020-03-04,8450.0,12120.0,14360.0,62.359,135.51,194.36,230.28
2020-03-06,8300.0,12150.0,14200.0,62.48,132.84,194.46,227.27
2020-03-11,8720.0,12120.0,13850.0,62.67,139.14,193.39,221.0
2020-03-19,8500.0,12040.0,13930.0,63.549,133.76,189.46,219.2
2020-03-26,9410.0,12400.0,14150.0,64.229,146.51,193.06,220.31
2020-03-27,9500.0,12550.0,14260.0,64.409,147.49,194.85,221.4
2020-04-01,9020.0,12650.0,13700.0,64.53,139.78,196.03,212.3
2020-04-02,9300.0,12690.0,13740.0,64.72,143.7,196.08,212.3
2020-04-03,9250.0,12620.0,13800.0,64.91,142.51,194.42,212.6
2020-04-07,8760.0,12650.0,13625.0,65.069,134.63,194.41,209.39
2020-04-09,8900.0,12850.0,13500.0,65.16,136.59,197.21,207.18
2020-04-13,8580.0,12710.0,13360.0,65.38,131.23,194.4,204.34
2020-04-14,8600.0,12730.0,13650.0,65.5,131.3,194.35,208.4
2020-04-15,8500.0,12760.0,13738.0,65.619,129.54,194.46,209.36
2020-04-16,8450.0,12780.0,13763.0,65.74,128.54,194.4,209.36
2020-04-21,7850.0,13000.0,13610.0,66.09,118.78,196.7,205.93
2020-04-22,7925.0,13050.0,13700.0,66.23,119.66,197.04,206.85
2020-04-23,7950.0,12900.0,13625.0,66.32,119.87,194.51,205.44
2020-04-24,7880.0,12915.0,13670.0,66.43,118.62,194.42,205.78
2020-04-29,7986.0,12700.0,13710.0,66.75,119.64,190.26,205.39
2020-04-30,8100.0,12660.0,13995.0,66.84,121.18,189.41,209.38
2020-05-04,8100.0,12600.0,13800.0,66.93,121.02,188.26,206.19
2020-05-05,8150.0,12450.0,14150.0,67.0,121.64,185.82,211.19
2020-05-06,8030.0,12450.0,14000.0,67.1,119.67,185.54,208.64
2020-05-07,8140.0,12400.0,14170.0,67.19,121.15,184.55,210.89
2020-05-08,8150.0,12400.0,14410.0,67.27,121.15,184.33,214.21
2020-05-11,8260.0,12090.0,14500.0,67.37,122.61,179.46,215.23
2020-05-12,8210.0,12110.0,14600.0,67.46,121.7,179.51,216.42
2020-05-13,8215.0,12120.0,14650.0,67.54,121.63,179.45,216.91
2020-05-14,8140.0,11900.0,14630.0,67.64,120.34,175.93,216.29
2020-05-15,8200.0,11700.0,14650.0,67.73,121.07,172.74,216.3
2020-05-18,8040.0,11500.0,14630.0,67.82,118.55,169.57,215.72
2020-05-19,7990.0,11510.0,14650.0,67.9,117.67,169.51,215.76
2020-05-20,7917.0,11470.0,14900.0,68.0,116.43,168.68,219.12
2020-05-21,7750.0,11540.0,14600.0,68.09,113.82,169.48,214.42
2020-05-22,7760.0,11500.0,14700.0,68.18,113.82,168.67,215.61
2020-05-26,7690.0,11700.0,14770.0,68.27,112.64,171.38,216.35
2020-05-27,7725.0,11720.0,14800.0,68.36,113.0,171.45,216.5
2020-05-29,8070.0,11900.0,14770.0,68.54,117.74,173.62,215.49
2020-06-01,8000.0,11980.0,14930.0,68.63,116.57,174.56,217.54
2020-06-02,8080.0,11980.0,15050.0,68.71,117.6,174.36,219.04
2020-06-03,8170.0,12000.0,15120.0,68.81,118.73,174.39,219.74
2020-06-04,8300.0,12100.0,15360.0,68.9,120.46,175.62,222.93
2020-06-05,8400.0,12250.0,15250.0,68.99,121.76,177.56,221.05
2020-06-08,8450.0,12250.0,15250.0,69.08,122.32,177.33,220.76
2020-06-09,8570.0,12350.0,15250.0,69.17,123.9,178.55,220.47
2020-06-10,8770.0,12430.0,15300.0,69.26,126.62,179.47,220.91
2020-06-11,8680.0,12440.0,15330.0,69.31,125.23,179.48,221.18
2020-06-12,8700.0,12450.0,15350.0,69.37,125.41,179.47,221.28
2020-06-16,8700.0,12495.0,15300.0,69.61,124.98,179.5,219.8
2020-06-17,8510.0,12450.0,15400.0,69.67,122.15,178.7,221.04
2020-06-18,8700.0,12450.0,15500.0,69.74,124.75,178.52,222.25
2020-06-19,8700.0,12500.0,15770.0,69.8,124.64,179.08,225.93
2020-06-22,8500.0,12500.0,15700.0,69.97,121.48,178.65,224.38
2020-06-23,8550.0,12500.0,15750.0,70.03,122.09,178.49,224.9
2020-06-24,8650.0,12800.0,15600.0,70.1,123.4,182.6,222.54
2020-06-25,8600.0,12900.0,15500.0,70.16,122.58,183.87,220.92
2020-06-26,8540.0,12900.0,15430.0,70.22,121.62,183.71,219.74
2020-06-29,8700.0,12980.0,15340.0,70.4,123.58,184.37,217.9
2020-06-30,8950.0,12980.0,15620.0,70.46,127.02,184.22,221.69
2020-07-01,9140.0,13150.0,15900.0,70.52,129.61,186.47,225.47
2020-07-02,8950.0,13150.0,16000.0,70.58,126.81,186.31,226.69
2020-07-03,8735.0,13200.0,16000.0,70.64,123.66,186.86,226.5
2020-07-06,8900.0,13350.0,16020.0,70.82,125.67,188.51,226.21
2020-07-08,8950.0,13580.0,16340.0,70.94,126.16,191.43,230.34
2020-07-13,8880.0,13850.0,16055.0,71.24,124.65,194.41,225.36
2020-07-14,8920.0,13864.0,16350.0,71.3,125.11,194.45,229.31
2020-07-15,9090.0,14000.0,16400.0,71.36,127.38,196.19,229.82
2020-07-16,9260.0,14000.0,16700.0,71.42,129.66,196.02,233.83
2020-07-17,9340.0,14100.0,16800.0,71.48,130.67,197.26,235.03
2020-07-20,9360.0,14000.0,16850.0,71.66,130.62,195.37,235.14
2020-07-21,9370.0,14000.0,16950.0,71.72,130.65,195.2,236.34
2020-07-22,9450.0,14000.0,17040.0,71.78,131.65,195.04,237.39
2020-07-23,9900.0,13950.0,17270.0,71.84,137.81,194.18,240.4
2020-07-24,9900.0,13950.0,17300.0,71.9,137.69,194.02,240.61
2020-07-27,9780.0,13700.0,17320.0,72.08,135.68,190.07,240.29
2020-07-28,9350.0,13600.0,17200.0,72.14,129.61,188.52,238.43
2020-07-29,9400.0,13680.0,17270.0,72.2,130.19,189.47,239.2
2020-07-30,9580.0,13690.0,17250.0,72.26,132.58,189.45,238.72
2020-07-31,9740.0,13800.0,17350.0,72.32,134.68,190.82,239.91
2020-08-03,9425.0,13740.0,17350.0,72.52,129.96,189.46,239.24
2020-08-04,9480.0,13750.0,17225.0,72.57,130.63,189.47,237.36
2020-08-05,9410.0,13760.0,17300.0,72.62,129.58,189.48,238.23
2020-08-06,9500.0,13700.0,17390.0,72.7,130.67,188.45,239.2
2020-08-07,9400.0,13400.0,17340.0,72.77,129.17,184.14,238.29
2020-08-11,9850.0,13600.0,17400.0,73.0,134.93,186.3,238.36
2020-08-12,10100.0,13600.0,17510.0,73.05,138.26,186.17,239.7
2020-08-14,10214.0,13570.0,17760.0,73.16,139.61,185.48,242.76
2020-08-18,10380.0,13650.0,18000.0,73.4,141.42,185.97,245.23
2020-08-19,10450.0,13700.0,18000.0,73.48,142.22,186.45,244.96
2020-08-27,11100.0,14300.0,18600.0,73.94,150.12,193.4,251.56
2020-09-01,11330.0,14440.0,19050.0,74.25,152.59,194.48,256.57
2020-09-03,11240.0,14600.0,19140.0,74.38,151.12,196.29,257.33
2020-09-08,11400.0,14700.0,19380.0,74.71,152.59,196.76,259.4
2020-09-09,11410.0,14750.0,19550.0,74.77,152.6,197.27,261.47
2020-09-22,12490.0,14950.0,21650.0,75.65,165.1,197.62,286.19
2020-10-05,13140.0,15362.0,23100.0,77.01,170.63,199.48,299.96
2020-10-06,13450.0,15376.0,23550.0,77.08,174.49,199.48,305.53
2020-10-07,13500.0,15382.0,23800.0,77.11,175.07,199.48,308.65
2020-10-08,13850.0,15460.0,23920.0,77.11,179.61,200.49,310.21
2020-10-09,13930.0,15400.0,24200.0,77.15,180.56,199.61,313.67
2020-10-16,14800.0,16240.0,24700.0,77.52,190.92,209.49,318.63
2020-10-19,15130.0,16300.0,25010.0,77.58,195.02,210.11,322.38
2020-10-20,15496.0,16660.0,25500.0,77.68,199.49,214.47,328.27
2020-10-21,15800.0,17000.0,25950.0,77.75,203.22,218.65,333.76
2020-10-23,15860.0,17500.0,26535.0,78.13,203.0,223.99,339.63
2020-10-26,15470.0,17500.0,26620.0,78.26,197.67,223.61,340.15
2020-10-27,15540.0,17500.0,26600.0,78.3,198.47,223.5,339.72
2020-10-29,14840.0,16480.0,26090.0,78.3,189.53,210.47,333.21
2020-10-30,14680.0,16300.0,25230.0,78.32,187.44,208.12,322.14
2020-11-02,14750.0,16300.0,25150.0,78.69,187.44,207.14,319.61
2020-11-03,14950.0,16350.0,25600.0,78.93,189.41,207.15,324.34
2020-11-04,14900.0,16300.0,26120.0,79.03,188.54,206.25,330.51
2020-11-05,15000.0,16570.0,26550.0,79.1,189.63,209.48,335.65
2020-11-06,14900.0,16570.0,26400.0,79.1,188.37,209.48,333.75
2020-11-09,15037.0,16860.0,26650.0,79.35,189.5,212.48,335.85
2020-11-10,15450.0,17100.0,27150.0,79.43,194.51,215.28,341.81
2020-11-11,15460.0,17100.0,27400.0,79.43,194.64,215.28,344.96
2020-11-12,15460.0,17100.0,27300.0,79.56,194.32,214.93,343.14
2020-11-13,15500.0,17103.0,27600.0,79.75,194.36,214.46,346.08
2020-11-16,15555.0,17200.0,27750.0,79.97,194.51,215.08,347.01
2020-11-17,15600.0,17165.0,28100.0,80.04,194.9,214.46,351.07
2020-11-18,15990.0,17190.0,28390.0,80.15,199.5,214.47,354.21
2020-11-19,15990.0,17050.0,28300.0,80.28,199.18,212.38,352.52
2020-11-20,16000.0,16670.0,28373.0,80.35,199.13,207.47,353.12
2020-11-24,15700.0,16340.0,27770.0,80.7,194.55,202.48,344.11
2020-11-25,15715.0,16440.0,27800.0,80.79,194.52,203.49,344.1
2020-11-26,15735.0,16550.0,27840.0,80.79,194.76,204.85,344.6
2020-11-27,15790.0,16900.0,27900.0,81.07,194.77,208.46,344.15
2020-11-30,15815.0,17030.0,27375.0,81.31,194.5,209.45,336.67
2020-12-01,15880.0,17140.0,27580.0,81.43,195.01,210.49,338.7
2020-12-02,15900.0,17355.0,27070.0,81.49,195.12,212.97,332.19
2020-12-03,16000.0,17410.0,27320.0,81.56,196.17,213.46,334.97
2020-12-04,16100.0,17500.0,26870.0,81.65,197.18,214.33,329.09
2020-12-09,16200.0,17700.0,26650.0,82.04,197.46,215.75,324.84
2020-12-10,16400.0,18350.0,26710.0,82.13,199.68,223.43,325.22
2020-12-11,16400.0,18450.0,27030.0,82.21,199.49,224.43,328.79
2020-12-14,16350.0,18050.0,27250.0,82.45,198.3,218.92,330.5
2020-12-15,16260.0,18120.0,27630.0,82.53,197.02,219.56,334.79
2020-12-16,16350.0,18300.0,27850.0,82.62,197.89,221.5,337.09
2020-12-17,16500.0,18480.0,27630.0,82.71,199.49,223.43,334.06
2020-12-18,16610.0,18590.0,27600.0,82.84,200.51,224.41,333.17
2020-12-21,16650.0,18700.0,27800.0,83.15,200.24,224.89,334.34
2020-12-23,16550.0,18835.0,28300.0,83.36,198.54,225.95,339.49
2020-12-28,16700.0,19050.0,28460.0,83.9,199.05,227.06,339.21
2020-12-29,17150.0,19050.0,28830.0,84.02,204.12,226.73,343.13
2020-12-30,17000.0,19000.0,28880.0,84.15,202.02,225.79,343.2
2021-01-04,16900.0,19100.0,29150.0,84.7,199.53,225.5,344.16
2021-01-05,16920.0,19040.0,29440.0,84.81,199.5,224.5,347.13
2021-01-06,16700.0,19000.0,29440.0,84.91,196.68,223.77,346.72
2021-01-07,16950.0,19100.0,29150.0,85.0,199.41,224.71,342.94
2021-01-08,17000.0,19300.0,29450.0,85.12,199.72,226.74,345.98
2021-01-11,17350.0,19300.0,29550.0,85.37,203.23,226.07,346.14
2021-01-12,17400.0,19780.0,30000.0,85.47,203.58,231.43,351.0
2021-01-13,17925.0,19800.0,30050.0,85.55,209.53,231.44,351.26
2021-01-14,18200.0,19880.0,30330.0,85.64,212.52,232.13,354.16
2021-01-15,17965.0,20050.0,30025.0,85.74,209.53,233.85,350.19
2021-01-18,17865.0,20270.0,30140.0,85.74,208.36,236.41,351.53
2021-01-19,18150.0,20270.0,29500.0,86.21,210.53,235.12,342.19
2021-01-20,17920.0,20330.0,29350.0,86.35,207.53,235.44,339.9
2021-01-21,17675.0,20270.0,29100.0,86.43,204.5,234.53,336.69
2021-01-26,17800.0,19650.0,28700.0,87.02,204.55,225.81,329.81
2021-01-27,17380.0,19300.0,28350.0,87.11,199.52,221.56,325.45
2021-01-28,17400.0,19200.0,28540.0,87.2,199.54,220.18,327.29
2021-01-29,17430.0,19200.0,28750.0,87.33,199.59,219.86,329.21
2021-02-01,17480.0,19270.0,28800.0,87.6,199.54,219.98,328.77
2021-02-02,17650.0,19150.0,28875.0,87.7,201.25,218.36,329.25
2021-02-03,17700.0,19050.0,29170.0,87.8,201.59,216.97,332.23
2021-02-04,17910.0,19100.0,29120.0,87.91,203.73,217.27,331.25
2021-02-05,17910.0,18900.0,29100.0,88.0,203.52,214.77,330.68
2021-02-08,18170.0,19000.0,29000.0,88.17,206.08,215.49,328.91
2021-02-09,17950.0,18870.0,29200.0,88.26,203.38,213.8,330.84
2021-02-10,17630.0,18900.0,28550.0,88.36,199.52,213.9,323.11
2021-02-11,17650.0,18900.0,29000.0,88.45,199.55,213.68,327.87
2021-02-18,18170.0,18840.0,29150.0,89.06,204.02,211.54,327.31
2021-02-19,18050.0,18680.0,29350.0,89.14,202.49,209.56,329.26
2021-02-22,17845.0,18920.0,29200.0,89.43,199.54,211.56,326.51
2021-02-23,18310.0,18760.0,29550.0,89.53,204.51,209.54,330.06
2021-02-24,17900.0,18790.0,29620.0,89.68,199.6,209.52,330.29
2021-02-25,17680.0,18900.0,29350.0,89.75,196.99,210.58,327.02
2021-02-26,17700.0,18750.0,29370.0,89.82,197.06,208.75,326.99
2021-03-01,17440.0,18850.0,29250.0,90.09,193.58,209.24,324.68
2021-03-02,17360.0,19250.0,29440.0,90.15,192.57,213.53,326.57
2021-03-03,17120.0,19170.0,29350.0,90.23,189.74,212.46,325.28
2021-03-04,17210.0,19300.0,29730.0,90.29,190.61,213.76,329.27
2021-03-05,17680.0,19300.0,29760.0,90.37,195.64,213.57,329.31
2021-03-08,17440.0,19450.0,29800.0,90.57,192.56,214.75,329.03
2021-03-09,17620.0,19500.0,29960.0,90.66,194.35,215.09,330.47
2021-03-10,17370.0,19550.0,29870.0,90.72,191.47,215.5,329.25
2021-03-11,17400.0,19500.0,30000.0,90.78,191.67,214.81,330.47
2021-03-12,17315.0,19500.0,30000.0,90.85,190.59,214.64,330.21
2021-03-15,17720.0,19550.0,30270.0,91.06,194.6,214.69,332.42
2021-03-22,18090.0,19740.0,30240.0,91.57,197.55,215.57,330.24
2021-03-25,18300.0,20100.0,30220.0,91.77,199.41,219.03,329.3
2021-04-14,19350.0,19400.0,30240.0,92.67,208.81,209.34,326.32
2021-04-23,19960.0,19980.0,32380.0,93.12,214.35,214.56,347.72
2021-04-28,20050.0,20350.0,31700.0,93.44,214.58,217.79,339.26
2021-05-03,20940.0,20560.0,30900.0,93.67,223.55,219.49,329.88
2021-05-04,21550.0,21040.0,31420.0,93.71,229.96,224.52,335.29
2021-05-05,22270.0,21050.0,31700.0,93.75,237.55,224.53,338.13
2021-05-06,22300.0,21500.0,32300.0,93.79,237.77,229.24,344.39
2021-05-07,22940.0,21930.0,33000.0,93.85,244.43,233.67,351.62
2021-05-11,22800.0,21550.0,33500.0,93.95,242.68,229.38,356.57
2021-05-12,22040.0,21570.0,33950.0,93.98,234.52,229.52,361.25
2021-05-13,20920.0,21580.0,32370.0,94.01,222.53,229.55,344.33
2021-05-14,20175.0,21590.0,32320.0,94.04,214.54,229.58,343.68
2021-05-17,20220.0,21610.0,32600.0,94.13,214.81,229.58,346.33
2021-05-18,20200.0,21610.0,32550.0,94.16,214.53,229.5,345.69
2021-05-19,19730.0,21600.0,32400.0,94.2,209.45,229.3,343.95
2021-05-27,20280.0,20600.0,32543.0,94.53,214.54,217.92,344.26
2021-06-01,20325.0,20700.0,32350.0,94.73,214.56,218.52,341.5
2021-06-02,19860.0,20700.0,32150.0,94.77,209.56,218.42,339.24
2021-06-03,19700.0,20720.0,31770.0,94.81,207.78,218.54,335.09
2021-06-08,19720.0,20860.0,31670.0,95.01,207.56,219.56,333.33
2021-06-09,19450.0,20870.0,31500.0,95.05,204.63,219.57,331.4
2021-06-10,19550.0,20880.0,31100.0,95.11,205.55,219.54,326.99
2021-06-11,19150.0,20700.0,30400.0,95.13,201.3,217.6,319.56
2021-06-14,18370.0,20650.0,29970.0,95.25,192.86,216.8,314.65
2021-06-22,17700.0,19500.0,29540.0,95.49,185.36,204.21,309.35
2021-07-02,18115.0,19310.0,31060.0,95.79,189.11,201.59,324.25
2021-07-05,18100.0,19330.0,31150.0,95.79,188.96,201.8,325.19
2021-07-07,17250.0,19400.0,30500.0,95.94,179.8,202.21,317.91
2021-07-23,17800.0,20210.0,31850.0,96.42,184.61,209.6,330.33
2021-07-26,17540.0,20230.0,31800.0,96.54,181.69,209.55,329.4
2021-07-27,17830.0,20230.0,32020.0,96.57,184.63,209.49,331.57
2021-07-28,17550.0,20230.0,32050.0,96.61,181.66,209.4,331.75
2021-07-29,18000.0,20000.0,32400.0,96.64,186.26,206.95,335.26
2021-07-30,18050.0,19780.0,31940.0,96.69,186.68,204.57,330.33
2021-08-02,18150.0,21070.0,32200.0,96.79,187.52,217.69,332.68
2021-08-03,18300.0,20700.0,31880.0,96.81,189.03,213.82,329.3
2021-08-04,18360.0,20290.0,31980.0,96.83,189.61,209.54,330.27
2021-08-05,18370.0,20980.0,32390.0,96.89,189.6,216.53,334.3
2021-08-09,18400.0,21250.0,31950.0,97.0,189.69,219.07,329.38
2021-08-10,18400.0,21300.0,32450.0,97.03,189.63,219.52,334.43
2021-08-11,18500.0,21790.0,32600.0,97.04,190.64,224.55,335.94
2021-08-12,18980.0,22280.0,32900.0,97.07,195.53,229.53,338.93
2021-08-13,19150.0,22580.0,33200.0,97.11,197.2,232.52,341.88
2021-08-24,18480.0,22000.0,33600.0,97.45,189.64,225.76,344.79
2021-08-25,18580.0,22180.0,33710.0,97.48,190.6,227.53,345.81
2021-08-26,18600.0,22300.0,33970.0,97.53,190.71,228.65,348.3
2021-08-27,18650.0,22780.0,33420.0,97.56,191.16,233.5,342.56
2021-08-30,17845.0,22430.0,32760.0,97.71,182.63,229.56,335.28
2021-08-31,18050.0,22350.0,32750.0,97.74,184.67,228.67,335.07
2021-09-03,18600.0,22460.0,33300.0,97.86,190.07,229.51,340.28
2021-09-06,18550.0,22460.0,33250.0,97.86,189.56,229.51,339.77
2021-09-07,18680.0,22500.0,33000.0,97.99,190.63,229.62,336.77
2021-09-09,19080.0,22500.0,33270.0,98.05,194.59,229.47,339.32
2021-09-13,19138.0,22540.0,33610.0,98.19,194.91,229.55,342.3
2021-09-16,19820.0,22560.0,34350.0,98.3,201.63,229.5,349.44
2021-09-17,19680.0,22700.0,34360.0,98.36,200.08,230.78,349.33
2021-09-21,19900.0,22700.0,34100.0,98.47,202.09,230.53,346.3
2021-09-22,19900.0,22800.0,34400.0,98.49,202.05,231.5,349.27
2021-09-23,19960.0,23110.0,34420.0,98.54,202.56,234.52,349.3
2021-09-24,20160.0,23600.0,34430.0,98.56,204.55,239.45,349.33
2021-09-27,20170.0,23330.0,34460.0,98.63,204.5,236.54,349.39
2021-09-28,19990.0,23630.0,33970.0,98.66,202.62,239.51,344.31
2021-09-29,20200.0,23650.0,34050.0,98.72,204.62,239.57,344.91
2021-10-05,19245.0,24180.0,34140.0,98.89,194.61,244.51,345.23
2021-10-07,19600.0,24190.0,34450.0,98.94,198.1,244.49,348.19
2021-10-12,18750.0,24230.0,33650.0,99.09,189.22,244.53,339.59
2021-10-13,18300.0,23740.0,34030.0,99.12,184.62,239.51,343.32
2021-10-14,18550.0,23550.0,34600.0,99.16,187.07,237.49,348.93
2021-10-15,18810.0,23755.0,34740.0,99.18,189.66,239.51,350.27
2021-10-18,19000.0,22800.0,34870.0,99.27,191.4,229.68,351.26
2021-10-26,19000.0,22500.0,35000.0,99.56,190.84,225.99,351.55
2021-10-27,19000.0,22800.0,34950.0,99.65,190.67,228.8,350.73
2021-10-28,19000.0,22800.0,34920.0,99.69,190.59,228.71,350.29
2021-10-29,19110.0,22900.0,34850.0,99.72,191.64,229.64,349.48
2021-11-04,19150.0,24340.0,34620.0,99.96,191.58,243.5,346.34
2021-11-08,19475.0,24070.0,34000.0,100.08,194.59,240.51,339.73
2021-11-10,19990.0,24480.0,34750.0,100.15,199.6,244.43,346.98
2021-11-11,19995.0,24290.0,34780.0,100.15,199.65,242.54,347.28
2021-11-12,20000.0,24100.0,35100.0,100.22,199.56,240.47,350.23
2021-11-15,20020.0,23650.0,35900.0,100.27,199.66,235.86,358.03
2021-11-16,20050.0,23700.0,35800.0,100.29,199.92,236.31,356.96
2021-11-17,20260.0,23550.0,36180.0,100.35,201.89,234.68,360.54
2021-11-18,20250.0,23550.0,35900.0,100.41,201.67,234.54,357.53
2021-11-19,20250.0,23050.0,35900.0,100.46,201.57,229.44,357.36
2021-11-23,20510.0,22600.0,35880.0,100.57,203.94,224.72,356.77
2021-11-24,20735.0,22900.0,35730.0,100.62,206.07,227.59,355.1
2021-11-25,20800.0,23300.0,35770.0,100.62,206.72,231.56,355.5
2021-11-26,20900.0,23600.0,35050.0,100.8,207.34,234.13,347.72
2021-11-29,20950.0,23800.0,35050.0,100.94,207.55,235.78,347.24
2021-12-01,20760.0,23100.0,34900.0,101.0,205.54,228.71,345.54
2021-12-02,21200.0,23000.0,35315.0,101.1,209.69,227.5,349.31
2021-12-03,21300.0,23350.0,36050.0,101.16,210.56,230.82,356.37
2021-12-06,21320.0,23500.0,35680.0,101.28,210.51,232.03,352.29
2021-12-07,21650.0,24100.0,35800.0,101.42,213.47,237.63,352.99
2021-12-09,21790.0,24220.0,35880.0,101.54,214.6,238.53,353.36
2021-12-10,21840.0,24400.0,36150.0,101.55,215.07,240.28,355.98
2021-12-14,21940.0,24380.0,36570.0,101.78,215.56,239.54,359.3
2021-12-15,22000.0,24180.0,36480.0,101.82,216.07,237.48,358.28
2021-12-16,22070.0,24410.0,36850.0,101.9,216.58,239.55,361.63
2021-12-17,22300.0,24700.0,37050.0,101.98,218.67,242.2,363.31
2021-12-20,22450.0,24970.0,36950.0,102.13,219.82,244.49,361.79
2021-12-21,22650.0,25000.0,37350.0,102.24,221.54,244.52,365.32
2021-12-22,23060.0,24850.0,37600.0,102.26,225.5,243.01,367.69
2021-12-23,22700.0,24700.0,37780.0,102.3,221.9,241.45,369.31
2021-12-27,23000.0,24750.0,38500.0,102.54,224.3,241.37,375.46
2021-12-28,23000.0,24600.0,38820.0,102.62,224.13,239.72,378.29
2021-12-29,23050.0,24600.0,38600.0,102.68,224.48,239.58,375.93
2021-12-30,22900.0,24400.0,37800.0,102.72,222.94,237.54,367.99
2022-01-03,23050.0,24400.0,38300.0,103.0,223.79,236.89,371.84
2022-01-04,23150.0,24280.0,38890.0,103.09,224.56,235.52,377.24
2022-01-05,23676.0,24400.0,39150.0,103.14,229.55,236.57,379.58
2022-01-11,23773.0,24360.0,39850.0,103.56,229.56,235.23,384.8
2022-01-12,23850.0,24470.0,40250.0,103.68,230.03,236.01,388.21
2022-01-13,23870.0,24500.0,39770.0,103.77,230.03,236.1,383.25
2022-01-14,23850.0,24510.0,40208.0,103.84,229.68,236.04,387.21
2022-01-17,23890.0,24520.0,40000.0,103.84,230.07,236.13,385.21
2022-01-18,23750.0,24050.0,40250.0,104.17,227.99,230.87,386.39
2022-01-19,23750.0,24350.0,41050.0,104.24,227.84,233.6,393.8
2022-01-21,23700.0,24500.0,40700.0,104.34,227.14,234.81,390.07
2022-01-24,23800.0,24500.0,40000.0,104.53,227.69,234.38,382.67
2022-01-25,24300.0,25500.0,40100.0,104.62,232.27,243.74,383.29
2022-01-26,24300.0,25400.0,40755.0,104.7,232.09,242.6,389.26
2022-01-27,24400.0,25400.0,40900.0,104.77,232.89,242.44,390.38
2022-01-31,24540.0,25230.0,41800.0,105.02,233.67,240.24,398.02
2022-02-01,25050.0,25250.0,42493.0,105.12,238.3,240.2,404.23
2022-02-02,24700.0,25200.0,42525.0,105.2,234.79,239.54,404.23
2022-02-03,24300.0,25230.0,42570.0,105.31,230.75,239.58,404.24
2022-02-07,25300.0,25315.0,43780.0,105.68,239.4,239.54,414.27
2022-02-08,24950.0,25350.0,43650.0,105.82,235.78,239.56,412.49
2022-02-09,25150.0,25690.0,44180.0,105.89,237.51,242.61,417.23
2022-02-10,25400.0,25700.0,44860.0,106.01,239.6,242.43,423.17
2022-02-14,25050.0,25850.0,44700.0,106.36,235.52,243.04,420.27
2022-02-15,25290.0,25870.0,44740.0,106.47,237.53,242.98,420.21
2022-02-16,25530.0,25637.0,45530.0,106.58,239.54,240.54,427.19
2022-02-17,25550.0,25750.0,45700.0,106.67,239.52,241.4,428.42
2022-02-18,25690.0,25800.0,45830.0,106.78,240.59,241.62,429.2
2022-02-21,26175.0,25850.0,45830.0,106.78,245.13,242.09,429.2
2022-02-22,26650.0,26750.0,46550.0,107.19,248.62,249.56,434.28
2022-02-23,26770.0,27500.0,47540.0,107.28,249.53,256.34,443.14
2022-02-24,27870.0,30000.0,48130.0,107.38,259.55,279.38,448.22
2022-02-25,26200.0,28960.0,46900.0,107.45,243.83,269.52,436.48
2022-03-02,29625.0,32535.0,49340.0,107.93,274.48,301.45,457.15
2022-03-03,31200.0,34180.0,50500.0,108.03,288.81,316.39,467.46
2022-03-04,32380.0,35600.0,50620.0,108.13,299.45,329.23,468.14
2022-03-07,31630.0,35390.0,51305.0,108.44,291.68,326.36,473.12
2022-03-08,32450.0,35650.0,52990.0,108.56,298.91,328.39,488.12
2022-03-09,32540.0,35650.0,54000.0,108.68,299.41,328.03,496.87
2022-03-10,33114.0,35855.0,54250.0,108.77,304.44,329.64,498.76
2022-03-11,33075.0,35800.0,53800.0,108.88,303.77,328.8,494.12
2022-03-14,31600.0,34700.0,50800.0,109.2,289.38,317.77,465.2
2022-03-15,31650.0,34600.0,51000.0,109.32,289.52,316.5,466.52
2022-03-16,30300.0,33310.0,50000.0,109.41,276.94,304.45,457.0
2022-03-17,30330.0,32850.0,49800.0,109.51,276.96,299.97,454.75
2022-03-18,29565.0,32850.0,48180.0,109.7,269.51,299.45,439.2
2022-03-21,29640.0,33700.0,48840.0,109.97,269.53,306.45,444.12
2022-03-22,29665.0,34600.0,49160.0,110.07,269.51,314.35,446.62
2022-03-23,29150.0,34600.0,49700.0,110.18,264.57,314.03,451.08
2022-03-28,27850.0,34300.0,48200.0,110.68,251.63,309.9,435.49
2022-03-29,27100.0,33180.0,46900.0,110.82,244.54,299.4,423.21
2022-03-30,27610.0,33980.0,47600.0,110.89,248.99,306.43,429.25
2022-03-31,27700.0,34240.0,47100.0,111.01,249.53,308.44,424.29
2022-04-01,27510.0,34385.0,46030.0,111.12,247.57,309.44,414.24
2022-04-04,28400.0,34800.0,46775.0,111.57,254.55,311.91,419.24
2022-04-05,28700.0,35680.0,47600.0,111.7,256.94,319.43,426.14
2022-04-06,28650.0,35720.0,47120.0,111.83,256.19,319.41,421.35
2022-04-07,28650.0,36270.0,48060.0,111.97,255.87,323.93,429.22
2022-04-08,28900.0,36800.0,48710.0,112.16,257.67,328.1,434.29
2022-04-11,29000.0,37500.0,48320.0,112.58,257.59,333.1,429.21
2022-04-12,29265.0,38050.0,48970.0,112.76,259.53,337.44,434.29
2022-04-13,29250.0,38350.0,49620.0,112.97,258.92,339.47,439.23
2022-04-18,29830.0,39500.0,50475.0,113.63,262.52,347.62,444.2
2022-04-19,30580.0,40250.0,50550.0,113.78,268.76,353.75,444.28
2022-04-20,30715.0,41180.0,50965.0,113.96,269.52,361.35,447.22
2022-04-21,30800.0,41450.0,51150.0,114.09,269.96,363.31,448.33
2022-04-22,30540.0,42190.0,50750.0,114.23,267.36,369.34,444.28
2022-04-25,30110.0,42250.0,50200.0,114.68,262.56,368.42,437.74
2022-04-26,30955.0,42420.0,50560.0,114.85,269.53,369.35,440.23
2022-04-27,31300.0,42900.0,51105.0,115.04,272.08,372.91,444.24
2022-04-28,31620.0,43600.0,50600.0,115.18,274.53,378.54,439.31
2022-04-29,32230.0,43740.0,50275.0,115.31,279.51,379.33,436.0
2022-05-03,31000.0,43400.0,48700.0,115.87,267.54,374.56,420.3
2022-05-04,30560.0,43450.0,48670.0,116.02,263.4,374.5,419.5
2022-05-05,30700.0,43500.0,49300.0,116.16,264.29,374.48,424.41
2022-05-06,30750.0,44000.0,48850.0,116.3,264.4,378.33,420.03
2022-05-09,30200.0,44150.0,48490.0,116.75,258.67,378.16,415.33
2022-05-10,30350.0,43770.0,49100.0,116.93,259.56,374.33,419.91
2022-05-11,30680.0,43900.0,49450.0,117.08,262.04,374.96,422.36
2022-05-12,30500.0,44500.0,49280.0,117.25,260.13,379.53,420.3
2022-05-13,30715.0,44430.0,50050.0,117.43,261.56,378.35,426.21
2022-05-16,31700.0,44900.0,50250.0,117.86,268.96,380.96,426.35
2022-05-17,31820.0,45380.0,50350.0,118.07,269.5,384.35,426.44
2022-05-19,31900.0,44895.0,50560.0,118.34,269.56,379.37,427.24
2022-05-20,31940.0,44350.0,50390.0,118.48,269.58,374.32,425.3
2022-05-23,32060.0,44050.0,50110.0,118.94,269.55,370.35,421.3
2022-05-24,32105.0,43640.0,50540.0,119.11,269.54,366.38,424.31
2022-05-26,32450.0,43750.0,51260.0,119.41,271.75,366.38,429.28
2022-05-27,32900.0,44160.0,51400.0,119.55,275.2,369.39,429.95
2022-05-30,32700.0,44330.0,51520.0,119.55,273.53,370.81,430.95
2022-05-31,31800.0,44150.0,50500.0,120.2,264.56,367.3,420.13
2022-06-01,31800.0,43250.0,49960.0,120.32,264.3,359.46,415.23
2022-06-02,30790.0,43890.0,50510.0,120.46,255.6,364.35,419.31
2022-06-03,31800.0,43600.0,50120.0,120.68,263.51,361.29,415.31
2022-06-06,31400.0,44000.0,50180.0,121.11,259.27,363.31,414.33
2022-06-07,31960.0,44070.0,50330.0,121.29,263.5,363.34,414.96
2022-06-08,32070.0,44250.0,50800.0,121.45,264.06,364.35,418.28
2022-06-09,31930.0,44200.0,51000.0,121.62,262.54,363.43,419.34
2022-06-10,31610.0,44250.0,50460.0,121.79,259.55,363.33,414.32
2022-06-13,31020.0,43960.0,49450.0,122.3,253.64,359.44,404.33
2022-06-14,31050.0,43300.0,49100.0,122.5,253.47,353.47,400.82
2022-06-15,30625.0,43180.0,49370.0,122.7,249.59,351.92,402.36
2022-06-16,31275.0,44040.0,49456.0,122.92,254.43,358.28,402.34
2022-06-21,29950.0,42600.0,48500.0,123.67,242.18,344.47,392.17
2022-06-22,30300.0,42700.0,47700.0,123.85,244.65,344.77,385.14
2022-06-24,29550.0,41930.0,47800.0,124.24,237.85,337.49,384.74
2022-06-27,29600.0,41710.0,47940.0,124.71,237.35,334.46,384.41
2022-06-28,29800.0,41750.0,48300.0,124.87,238.65,334.35,386.8
2022-06-29,29850.0,41830.0,48850.0,125.04,238.72,334.53,390.67
2022-07-06,27200.0,39880.0,46800.0,126.39,215.21,315.53,370.28
2022-07-08,30130.0,43550.0,49120.0,126.8,237.62,343.45,387.38
2022-07-11,30260.0,43600.0,50250.0,127.35,237.61,342.36,394.58
2022-07-12,29050.0,43000.0,48660.0,127.59,227.68,337.02,381.38
2022-07-15,29050.0,43350.0,48900.0,128.25,226.51,338.01,381.29
2022-07-19,28900.0,43100.0,49250.0,129.14,223.79,333.75,381.37
2022-07-21,28200.0,42430.0,48250.0,129.58,217.63,327.44,372.36
2022-07-25,27500.0,39060.0,48825.0,130.4,210.89,299.54,374.42
2022-07-28,30310.0,40585.0,51190.0,131.12,231.16,309.53,390.41
2022-07-29,30310.0,40760.0,51800.0,131.27,230.9,310.51,394.61
2022-08-02,29040.0,40260.0,49600.0,132.2,219.67,304.54,375.19
2022-08-03,29088.0,40330.0,49200.0,132.42,219.66,304.56,371.55
2022-08-04,29800.0,40395.0,50850.0,132.64,224.67,304.55,383.37
2022-08-05,29890.0,40470.0,50500.0,132.89,224.92,304.54,380.01
2022-08-08,29870.0,39600.0,51350.0,133.57,223.63,296.47,384.44
2022-08-09,30100.0,40150.0,52200.0,133.85,224.88,299.96,389.99
2022-08-10,30780.0,40800.0,52625.0,134.05,229.62,304.36,392.58
2022-08-11,30840.0,41000.0,53160.0,134.27,229.69,305.35,395.92
2022-08-12,30500.0,41100.0,53200.0,134.59,226.61,305.37,395.27
2022-08-16,29450.0,40540.0,51080.0,135.33,217.62,299.56,377.45
2022-08-17,29650.0,40600.0,51560.0,135.53,218.77,299.56,380.43
2022-08-18,30050.0,40450.0,51650.0,135.8,221.28,297.86,380.34
2022-08-22,30290.0,38340.0,52390.0,136.64,221.68,280.59,383.42
2022-08-24,31025.0,39200.0,52930.0,137.15,226.21,285.82,385.93
2022-08-25,30700.0,39250.0,51700.0,137.4,223.44,285.66,376.27
2022-08-26,30600.0,39325.0,53075.0,137.7,222.22,285.58,385.44
2022-08-29,31550.0,38950.0,52620.0,138.32,228.09,281.59,380.42
2022-09-06,32600.0,42100.0,69050.0,140.56,231.93,299.52,491.25
2022-09-07,32600.0,42200.0,68950.0,140.8,231.53,299.72,489.7
2023-03-07,50870.0,59000.0,89800.0,199.68,254.76,295.47,449.72
2023-04-17,52750.0,60470.0,100500.0,216.38,243.78,279.46,464.46
2023-05-03,47200.0,62940.0,100500.0,225.2,209.59,279.48,446.27
2023-05-04,47870.0,63080.0,100600.0,225.7,212.1,279.49,445.72
2023-05-05,47990.0,66175.0,102900.0,226.25,212.11,292.49,454.81
2023-05-08,48500.0,65900.0,104300.0,227.65,213.05,289.48,458.16
2023-05-09,48050.0,66000.0,105300.0,228.05,210.7,289.41,461.74
2023-05-10,48400.0,66400.0,110000.0,228.5,211.82,290.59,481.4
2023-05-11,48500.0,67000.0,110000.0,229.0,211.79,292.58,480.35
2023-05-29,48700.0,76500.0,99000.0,235.75,206.57,324.5,419.94
2023-05-31,48600.0,76500.0,95000.0,239.5,202.92,319.42,396.66
2023-07-24,49650.0,74500.0,99000.0,271.0,183.21,274.91,365.31
2023-07-27,62750.0,73100.0,100000.0,273.1,229.77,267.67,366.17
2023-08-15,60000.0,84000.0,122000.0,350.0,171.43,240.0,348.57
2023-08-16,60950.0,84000.0,125500.0,349.9501,174.17,240.03,358.62
2023-11-07,92000.0,103000.0,181000.0,350.0,262.86,294.29,517.14
2023-11-09,91900.0,100000.0,178000.0,349.9501,262.61,285.76,508.64
2023-11-10,92000.0,101000.0,180000.0,349.9501,262.89,288.61,514.36
2023-11-13,94500.0,102000.0,189000.0,349.9501,270.04,291.47,540.08
2023-11-14,95000.0,105000.0,189000.0,350.1,271.35,299.91,539.85
2023-11-15,95000.0,106500.0,190000.0,352.9501,269.16,301.74,538.32
2023-11-21,105000.0,120000.0,223500.0,355.9501,294.99,337.13,627.9
2023-11-22,114000.0,130000.0,239000.0,356.4501,319.82,364.71,670.5
2023-11-23,119800.0,135000.0,238000.0,356.4501,336.09,378.73,667.7
2023-11-24,122000.0,134900.0,240000.0,357.6,341.16,377.24,671.14
2023-11-27,116000.0,125000.0,225000.0,359.0,323.12,348.19,626.74
2023-11-28,112000.0,122000.0,220000.0,359.5,311.54,339.36,611.96
2023-11-29,111000.0,122000.0,218000.0,360.0,308.33,338.89,605.56
2023-11-30,111000.0,122000.0,210000.0,360.5,307.91,338.42,582.52
2023-12-13,144000.0,160000.0,258000.0,799.9501,180.01,200.01,322.52
2023-12-14,149600.0,173000.0,268000.0,800.5001,186.88,216.11,334.79
2023-12-15,150000.0,175000.0,265000.0,801.1001,187.24,218.45,330.8
2023-12-18,149500.0,179900.0,265000.0,802.6001,186.27,224.15,330.18
2023-12-19,150000.0,180000.0,265000.0,803.1501,186.76,224.12,329.95
2023-12-20,150000.0,178500.0,262000.0,803.7001,186.64,222.1,325.99
2023-12-21,150000.0,181300.0,261000.0,804.2001,186.52,225.44,324.55
2023-12-22,150000.0,184500.0,260000.0,804.7501,186.39,229.26,323.08
2023-12-26,150000.0,184500.0,262000.0,806.8501,185.91,228.67,324.72
2023-12-27,150000.0,185000.0,264000.0,807.4001,185.78,229.13,326.98
2023-12-29,151000.0,184500.0,265000.0,828.25,182.31,222.76,319.95
2024-01-02,150000.0,183800.0,261000.0,830.25,180.67,221.38,314.36
2024-01-03,150500.0,180000.0,264500.0,831.0,181.11,216.61,318.29
2024-01-04,154900.0,179950.0,265000.0,831.5,186.29,216.42,318.7
2024-01-05,156000.0,179900.0,266500.0,832.0,187.5,216.23,320.31
2024-01-08,158000.0,178800.0,270000.0,833.5,189.56,214.52,323.94
2024-01-09,160000.0,179500.0,275000.0,834.0,191.85,215.23,329.74
2024-01-10,160000.0,177500.0,275000.0,834.5,191.73,212.7,329.54
2024-01-11,160000.0,179900.0,275500.0,835.0,191.62,215.45,329.94
2024-01-12,157000.0,179000.0,270500.0,835.5,187.91,214.24,323.76
2024-01-15,154500.0,176000.0,270000.0,837.25,184.53,210.21,322.48
2024-01-16,155000.0,176000.0,275000.0,837.75,185.02,210.09,328.26
2024-01-17,155000.0,179800.0,275000.0,838.25,184.91,214.49,328.06
2024-01-18,155000.0,180000.0,275000.0,838.75,184.8,214.61,327.87
2024-01-19,155000.0,180000.0,274500.0,839.25,184.69,214.48,327.08
2024-01-22,154800.0,181000.0,274000.0,840.75,184.12,215.28,325.9
2024-01-23,155000.0,181900.0,275000.0,841.25,184.25,216.23,326.89
2024-01-24,155000.0,184400.0,275000.0,841.75,184.14,219.07,326.7
2024-01-25,155500.0,184900.0,275000.0,842.25,184.62,219.53,326.51
2024-01-26,155000.0,185000.0,267500.0,842.75,183.92,219.52,317.41
2024-01-29,154000.0,180000.0,265000.0,844.5,182.36,213.14,313.8
2024-01-30,155000.0,184900.0,269500.0,845.0,183.43,218.82,318.93
2024-01-31,155000.0,184900.0,269500.0,845.5,183.32,218.69,318.75
2024-02-01,154900.0,183000.0,265500.0,846.0,183.1,216.31,313.83
2024-02-02,152000.0,188800.0,265500.0,846.5,179.56,223.04,313.64
2024-02-05,151000.0,181800.0,265300.0,848.0,178.07,214.39,312.85
2024-02-06,150000.0,181800.0,265000.0,848.5,176.78,214.26,312.32
2024-02-07,151000.0,181000.0,261950.0,849.0,177.86,213.19,308.54
2024-02-08,150000.0,183000.0,261000.0,849.5,176.57,215.42,307.24
2024-02-09,148000.0,184900.0,260000.0,850.0,174.12,217.53,305.88
2024-02-14,149800.0,180000.0,253000.0,853.0,175.62,211.02,296.6
2024-02-15,147500.0,180000.0,250000.0,853.5,172.82,210.9,292.91
2024-02-16,144400.0,175500.0,250000.0,854.0,169.09,205.5,292.74
2024-02-19,141500.0,171000.0,245000.0,855.5,165.4,199.88,286.38
2024-02-20,143000.0,170000.0,247300.0,856.0,167.06,198.6,288.9
2024-02-21,140800.0,170000.0,245000.0,856.5,164.39,198.48,286.05
2024-02-22,139500.0,170000.0,240000.0,857.0,162.78,198.37,280.05
2024-02-23,135000.0,170000.0,240000.0,857.5,157.43,198.25,279.88
2024-02-26,135100.0,170000.0,240000.0,859.5,157.18,197.79,279.23
2024-02-27,139800.0,170000.0,241000.0,860.0,162.56,197.67,280.23
2024-02-28,140500.0,170000.0,242500.0,860.5,163.28,197.56,281.81
2024-02-29,141000.0,170000.0,243500.0,861.0,163.76,197.44,282.81
2024-03-01,144000.0,169500.0,248000.0,861.5,167.15,196.75,287.87
2024-03-04,144000.0,170500.0,249000.0,863.0,166.86,197.57,288.53
2024-03-05,144000.0,170500.0,250000.0,864.0,166.67,197.34,289.35
2024-03-06,144500.0,170000.0,250000.0,864.5,167.15,196.65,289.18
2024-03-07,146000.0,170000.0,249500.0,865.0,168.79,196.53,288.44
2024-03-08,147000.0,169900.0,250000.0,865.5,169.84,196.3,288.85
2024-03-11,147000.0,169900.0,248000.0,867.0,169.55,195.96,286.04
2024-03-12,149000.0,170000.0,250000.0,867.5,171.76,195.97,288.18
2024-03-13,150000.0,170000.0,251000.0,868.5,172.71,195.74,289.0
2024-03-14,151500.0,169800.0,251950.0,869.0,174.34,195.4,289.93
2024-03-15,150000.0,170000.0,251000.0,869.5,172.51,195.51,288.67
2024-03-18,149000.0,170000.0,253000.0,871.0,171.07,195.18,290.47
2024-03-19,150000.0,171000.0,256000.0,871.5,172.12,196.21,293.75
2024-03-20,151000.0,172000.0,260000.0,872.0,173.17,197.25,298.17
2024-03-21,151000.0,172000.0,264000.0,872.5,173.07,197.13,302.58
2024-03-22,149000.0,172000.0,259500.0,873.5,170.58,196.91,297.08
2024-03-25,145000.0,172000.0,254900.0,875.0,165.71,196.57,291.31
2024-03-26,145000.0,172000.0,250000.0,875.5,165.62,196.46,285.55
2024-03-27,141000.0,172000.0,245000.0,876.0,160.96,196.35,279.68
2024-04-03,143700.0,171000.0,242000.0,880.0,163.3,194.32,275.0
2024-04-04,145000.0,174000.0,245000.0,880.5,164.68,197.61,278.25
2024-04-05,145000.0,175000.0,250000.0,881.5,164.49,198.53,283.61
2024-04-08,147000.0,175000.0,247500.0,883.0,166.48,198.19,280.29
2024-04-09,149000.0,175000.0,250000.0,883.5,168.65,198.08,282.97
2024-04-10,150000.0,178000.0,250500.0,884.0,169.68,201.36,283.37
2024-04-11,150500.0,180000.0,251000.0,884.5,170.15,203.5,283.78
2024-04-12,152500.0,185000.0,252500.0,885.5,172.22,208.92,285.15
2024-04-15,151000.0,185500.0,251000.0,887.0,170.24,209.13,282.98
2024-04-16,152000.0,189800.0,251000.0,887.5,171.27,213.86,282.82
2024-04-17,154000.0,191000.0,251000.0,888.0,173.42,215.09,282.66
2024-04-18,154000.0,191500.0,249800.0,888.5,173.33,215.53,281.15
2024-04-19,155000.0,193000.0,250000.0,890.0,174.16,216.85,280.9
2024-04-22,156500.0,197000.0,250000.0,892.0,175.45,220.85,280.27
2024-04-23,158000.0,197500.0,250500.0,892.0,177.13,221.41,280.83
2024-04-24,158500.0,200000.0,250500.0,892.5,177.59,224.09,280.67
2024-04-25,159700.0,200000.0,251500.0,893.0,178.84,223.96,281.63
2024-04-26,160000.0,200000.0,252000.0,894.0,178.97,223.71,281.88
2024-04-29,158000.0,200000.0,252000.0,895.5,176.44,223.34,281.41
2024-05-02,160000.0,200000.0,255000.0,897.0,178.37,222.97,284.28
2024-05-03,163000.0,210000.0,261000.0,897.5,181.62,233.98,290.81
2024-05-06,165000.0,210000.0,265000.0,899.0,183.54,233.59,294.77
2024-05-07,167000.0,210000.0,271500.0,899.5,185.66,233.46,301.83
2024-05-08,165000.0,211000.0,274000.0,900.5,183.23,234.31,304.28
2024-05-09,160000.0,218000.0,260000.0,901.0,177.58,241.95,288.57
2024-05-10,162000.0,220000.0,260000.0,901.5,179.7,244.04,288.41
2024-05-13,164700.0,220500.0,261800.0,903.0,182.39,244.19,289.92
2024-05-14,165000.0,230000.0,263500.0,904.0,182.52,254.42,291.48
2024-05-15,160500.0,232000.0,269900.0,904.5,177.45,256.5,298.4
2024-05-16,156500.0,234000.0,270500.0,905.0,172.93,258.56,298.9
2024-05-17,154000.0,238000.0,272000.0,905.5,170.07,262.84,300.39
2024-05-20,154500.0,235000.0,277000.0,907.5,170.25,258.95,305.23
2024-05-21,155000.0,237000.0,278000.0,908.0,170.7,261.01,306.17
2024-05-22,157000.0,242000.0,284500.0,908.5,172.81,266.37,313.15
2024-05-23,162000.0,247000.0,289000.0,909.0,178.22,271.73,317.93
2024-05-24,163000.0,248500.0,285000.0,909.5,179.22,273.23,313.36
2024-05-27,163000.0,249000.0,285000.0,911.5,178.83,273.18,312.67
2024-05-28,163000.0,249000.0,285000.0,912.5,178.63,272.88,312.33
2024-05-29,162500.0,249000.0,289500.0,913.0,177.98,272.73,317.09
2024-05-30,159000.0,248000.0,289500.0,913.0,174.15,271.63,317.09
2024-05-31,158000.0,246000.0,290000.0,914.0,172.87,269.15,317.29
2024-06-03,158000.0,240000.0,285000.0,916.0,172.49,262.01,311.14
2024-06-04,160000.0,240000.0,282000.0,916.5,174.58,261.87,307.69
2024-06-05,161500.0,238000.0,282000.0,916.5,176.21,259.68,307.69
2024-06-06,165000.0,235000.0,290000.0,918.0,179.74,255.99,315.9
2024-06-07,163500.0,233000.0,285000.0,918.0,178.1,253.81,310.46
2024-06-10,165000.0,229500.0,290000.0,920.5,179.25,249.32,315.05
2024-06-11,165000.0,230000.0,291000.0,921.0,179.15,249.73,315.96
2024-06-12,165500.0,230000.0,292000.0,921.5,179.6,249.59,316.87
2024-06-13,166800.0,230000.0,293000.0,921.5,181.01,249.59,317.96
2024-06-14,165000.0,229900.0,293000.0,922.0,178.96,249.35,317.79
2024-06-18,164000.0,224900.0,285000.0,924.0,177.49,243.4,308.44
2024-06-24,159000.0,220000.0,286000.0,927.0,171.52,237.32,308.52
2024-06-25,159000.0,219800.0,280000.0,927.5,171.43,236.98,301.89
2024-06-26,162000.0,220000.0,281000.0,928.0,174.57,237.07,302.8
2024-06-27,162300.0,220000.0,280000.0,929.5,174.61,236.69,301.24
2024-06-28,159500.0,219800.0,280000.0,930.5,171.41,236.22,300.91
2024-07-01,159500.0,219800.0,283500.0,932.5,171.05,235.71,304.02
2024-07-02,160500.0,226000.0,286500.0,933.0,172.03,242.23,307.07
2024-07-03,160000.0,229900.0,286500.0,933.5,171.4,246.28,306.91
2024-07-04,157500.0,230000.0,285500.0,934.0,168.63,246.25,305.67
2024-07-05,156200.0,230500.0,290000.0,934.5,167.15,246.66,310.33
2024-07-08,150000.0,228000.0,281000.0,936.5,160.17,243.46,300.05
2024-07-10,150000.0,227000.0,280000.0,937.5,160.0,242.13,298.67
2024-07-11,154850.0,227500.0,285000.0,938.0,165.09,242.54,303.84
2024-07-12,155000.0,229000.0,285500.0,940.0,164.89,243.62,303.72
2024-07-15,150500.0,230000.0,280500.0,940.5,160.02,244.55,298.25
2024-07-16,151500.0,227000.0,285000.0,941.0,161.0,241.23,302.87
2024-07-17,153500.0,227000.0,285000.0,942.0,162.95,240.98,302.55
2024-07-18,150500.0,226500.0,285500.0,942.5,159.68,240.32,302.92
2024-07-19,151000.0,230000.0,285500.0,944.5,159.87,243.52,302.28
2024-07-22,155000.0,230000.0,290000.0,946.0,163.85,243.13,306.55
2024-07-23,160000.0,230000.0,290000.0,946.0,169.13,243.13,306.55
2024-07-24,160000.0,230000.0,290000.0,946.5,169.04,243.0,306.39
2024-07-25,160000.0,230000.0,293500.0,947.5,168.87,242.74,309.76
2024-07-26,155800.0,231000.0,285000.0,950.0,164.0,243.16,300.0
2024-07-29,154900.0,231000.0,285000.0,950.5,162.97,243.03,299.84
2024-07-30,155000.0,231000.0,285000.0,951.0,162.99,242.9,299.68
2024-07-31,152000.0,231000.0,282000.0,951.5,159.75,242.77,296.37
2024-08-02,155000.0,231000.0,285500.0,953.5,162.56,242.27,299.42
2024-08-05,160000.0,232000.0,290000.0,954.0,167.71,243.19,303.98
2024-08-06,160000.0,235000.0,290000.0,954.5,167.63,246.2,303.82
2024-08-07,160000.0,239000.0,287000.0,955.5,167.45,250.13,300.37
2024-08-08,160000.0,240000.0,285000.0,955.5,167.45,251.18,298.27
2024-08-09,160000.0,240000.0,285000.0,957.5,167.1,250.65,297.65
2024-08-13,160000.0,230000.0,280000.0,958.5,166.93,239.96,292.12
2024-08-14,160000.0,230000.0,280000.0,959.0,166.84,239.83,291.97
2024-08-15,160000.0,230000.0,285000.0,960.0,166.67,239.58,296.88
2024-08-16,160000.0,230000.0,285000.0,962.0,166.32,239.09,296.26
2024-08-19,161000.0,230000.0,289300.0,963.0,167.19,238.84,300.42
2024-08-20,161800.0,230000.0,291000.0,963.0,168.02,238.84,302.18
2024-08-21,163000.0,230000.0,293000.0,963.5,169.17,238.71,304.1
2024-08-22,163000.0,230000.0,290000.0,964.0,169.09,238.59,300.83
2024-08-23,163000.0,228000.0,291000.0,966.0,168.74,236.02,301.24
2024-08-26,163000.0,225000.0,293500.0,968.0,168.39,232.44,303.2
2024-08-27,165000.0,230000.0,297000.0,969.5,170.19,237.24,306.34
2024-08-28,165000.0,225000.0,295000.0,969.5,170.19,232.08,304.28
2024-08-29,165000.0,225000.0,300000.0,970.0,170.1,231.96,309.28
2024-08-30,165000.0,223000.0,297000.0,972.0,169.75,229.42,305.56
2024-09-02,165000.0,220000.0,295000.0,973.0,169.58,226.1,303.19
2024-09-03,169500.0,220000.0,300000.0,973.0,174.2,226.1,308.32
2024-09-04,170000.0,220000.0,300000.0,973.5,174.63,225.99,308.17
2024-09-09,165000.0,214000.0,295000.0,977.0,168.88,219.04,301.94
2024-09-10,166500.0,214000.0,293800.0,978.0,170.25,218.81,300.41
2024-09-11,167000.0,211000.0,295000.0,978.0,170.76,215.75,301.64
2024-09-12,167000.0,214000.0,297000.0,978.5,170.67,218.7,303.53
2024-09-17,166250.0,205000.0,295000.0,982.0,169.3,208.76,300.41
2024-09-19,169500.0,205000.0,300000.0,983.5,172.34,208.44,305.03
2024-09-20,169500.0,205000.0,300000.0,985.0,172.08,208.12,304.57
2024-09-23,170000.0,205000.0,300000.0,985.5,172.5,208.02,304.41
2024-09-24,170000.0,195000.0,300000.0,986.0,172.41,197.77,304.26
2024-10-02,181800.0,210000.0,315000.0,991.0,183.45,211.91,317.86
2024-10-03,181500.0,210000.0,310000.0,992.5,182.87,211.59,312.34
2024-10-04,180500.0,210000.0,310000.0,994.0,181.59,211.27,311.87
2024-10-07,180000.0,210000.0,305000.0,995.0,180.9,211.06,306.53
2024-10-08,180000.0,210000.0,305000.0,995.5,180.81,210.95,306.38
2024-10-14,177000.0,219000.0,300000.0,999.5,177.09,219.11,300.15
2024-10-15,177500.0,215000.0,303000.0,1000.0,177.5,215.0,303.0
2024-10-16,179000.0,215000.0,305000.0,1000.5,178.91,214.89,304.85
2024-10-18,180000.0,207500.0,310000.0,1004.0,179.28,206.67,308.76
2024-10-21,182000.0,205000.0,311200.0,1004.5,181.18,204.08,309.81
2024-10-22,182900.0,204500.0,310000.0,1004.5,182.08,203.58,308.61
2024-10-23,180000.0,203000.0,312500.0,1005.0,179.1,201.99,310.95
2024-10-24,180000.0,200000.0,314900.0,1005.5,179.02,198.91,313.18
2024-10-25,180000.0,195000.0,308000.0,1007.5,178.66,193.55,305.71
2024-10-28,177800.0,195000.0,305000.0,1008.0,176.39,193.45,302.58
2024-10-29,177800.0,196500.0,302000.0,1008.5,176.3,194.84,299.45
2024-10-30,178000.0,195000.0,305000.0,1009.5,176.32,193.16,302.13
2024-10-31,178000.0,195000.0,303000.0,1011.5,175.98,192.78,299.56
2024-11-01,180000.0,195000.0,301000.0,1013.0,177.69,192.5,297.14
2024-11-04,180000.0,195000.0,306500.0,1013.0,177.69,192.5,302.57
2024-11-05,180000.0,195000.0,306300.0,1014.0,177.51,192.31,302.07
2024-11-06,182000.0,195000.0,309000.0,1014.0,179.49,192.31,304.73
2024-11-07,183000.0,197000.0,310000.0,1014.5,180.38,194.18,305.57
2024-11-08,185200.0,190000.0,309500.0,1016.5,182.19,186.92,304.48
2024-11-11,185000.0,190000.0,305200.0,1017.5,181.82,186.73,299.95
2024-11-12,185000.0,190000.0,305000.0,1018.0,181.73,186.64,299.61
2024-11-13,186300.0,189500.0,301000.0,1018.5,182.92,186.06,295.53
2024-11-14,185000.0,187000.0,300000.0,1019.0,181.55,183.51,294.41
2024-11-15,183000.0,183000.0,304000.0,1022.0,179.06,179.06,297.46
2024-11-19,185000.0,189000.0,300000.0,1022.5,180.93,184.84,293.4
2024-11-20,185000.0,191500.0,299800.0,1023.0,180.84,187.19,293.06
2024-11-21,185000.0,191500.0,295000.0,1024.5,180.58,186.92,287.95
2024-11-22,184000.0,190000.0,292000.0,1026.5,179.25,185.09,284.46
2024-11-25,182500.0,189000.0,295000.0,1027.0,177.7,184.03,287.24
2024-11-26,182500.0,190000.0,294900.0,1027.5,177.62,184.91,287.01
2024-11-27,182800.0,192000.0,295000.0,1028.0,177.82,186.77,286.96
2024-11-28,182000.0,192900.0,293000.0,1028.5,176.96,187.55,284.88
2024-11-29,182000.0,191000.0,293000.0,1031.0,176.53,185.26,284.19
2024-12-02,180000.0,190000.0,290000.0,1032.0,174.42,184.11,281.01
2024-12-03,182800.0,190000.0,295000.0,1032.5,177.05,184.02,285.71
2024-12-04,183000.0,190000.0,295000.0,1032.5,177.24,184.02,285.71
2024-12-05,183000.0,190000.0,295000.0,1033.0,177.15,183.93,285.58
2024-12-06,183000.0,194200.0,296500.0,1035.0,176.81,187.63,286.47
2024-12-09,180500.0,194500.0,295100.0,1036.0,174.23,187.74,284.85
2024-12-10,180500.0,195200.0,297000.0,1036.5,174.14,188.33,286.54
2024-12-13,180000.0,195000.0,291000.0,1040.0,173.08,187.5,279.81
2024-12-16,180000.0,195000.0,290000.0,1042.0,172.74,187.14,278.31
2024-12-17,180500.0,196000.0,285000.0,1042.5,173.14,188.01,273.38
2024-12-18,184800.0,199500.0,280000.0,1042.5,177.27,191.37,268.59
2024-12-19,183500.0,198500.0,280000.0,1042.5,176.02,190.41,268.59
2024-12-20,187000.0,198000.0,280000.0,1044.5,179.03,189.56,268.07
2024-12-23,187000.0,199000.0,281000.0,1048.0,178.44,189.89,268.13
2024-12-26,190000.0,199000.0,286500.0,1049.0,181.12,189.7,273.12
2024-12-27,190000.0,200000.0,285000.0,1051.0,180.78,190.29,271.17
2024-12-30,190000.0,200000.0,285000.0,1052.5,180.52,190.02,270.78
2025-01-02,190000.0,199500.0,290000.0,1052.5,180.52,189.55,275.53
2025-01-03,190000.0,195000.0,285000.0,1055.0,180.09,184.83,270.14
2025-01-06,191900.0,195000.0,289000.0,1055.0,181.9,184.83,273.93
2025-01-07,193800.0,195000.0,288000.0,1055.5,183.61,184.75,272.86
2025-01-08,195000.0,196500.0,287900.0,1056.0,184.66,186.08,272.63
2025-01-09,198000.0,196500.0,288000.0,1057.0,187.32,185.9,272.47
2025-01-10,200000.0,197000.0,292500.0,1059.0,188.86,186.02,276.2
2025-01-13,205000.0,197000.0,295000.0,1059.5,193.49,185.94,278.43
2025-01-14,205000.0,196000.0,295500.0,1060.5,193.31,184.82,278.64
2025-01-15,206000.0,96000.0,295000.0,1061.5,194.07,90.44,277.91
2025-01-16,205000.0,199000.0,285000.0,1062.0,193.03,187.38,268.36
2025-01-17,209000.0,198000.0,290000.0,1063.5,196.52,186.18,272.68
2025-01-20,206500.0,198000.0,290000.0,1066.0,193.71,185.74,272.05
2025-01-21,209300.0,199000.0,293000.0,1066.5,196.25,186.59,274.73
2025-01-22,211500.0,200000.0,295000.0,1067.5,198.13,187.35,276.35
2025-01-23,213000.0,202000.0,295500.0,1068.0,199.44,189.14,276.69
2025-01-28,215000.0,209500.0,310000.0,1070.5,200.84,195.7,289.58
2025-01-29,221500.0,213000.0,315000.0,1071.5,206.72,198.79,293.98
2025-01-30,224000.0,213000.0,315000.0,1072.0,208.96,198.69,293.84
2025-01-31,223000.0,213000.0,315000.0,1073.5,207.73,198.42,293.43
2025-02-03,223000.0,210000.0,315000.0,1074.25,207.59,195.49,293.23
2025-02-04,225000.0,210000.0,320000.0,1074.5,209.4,195.44,297.81
2025-02-05,224000.0,214000.0,320000.0,1074.5,208.47,199.16,297.81
2025-02-06,224000.0,220000.0,320000.0,1074.75,208.42,204.7,297.74
2025-02-07,220000.0,220000.0,322000.0,1075.75,204.51,204.51,299.33
2025-02-10,220000.0,220000.0,322000.0,1076.0,204.46,204.46,299.26
2025-02-11,220000.0,220000.0,325000.0,1076.0,204.46,204.46,302.04
2025-02-12,219000.0,220000.0,320000.0,1076.25,203.48,204.41,297.33
2025-02-13,218000.0,219500.0,325000.0,1077.25,202.37,203.76,301.69
2025-02-14,217000.0,220000.0,330000.0,1078.0,201.3,204.08,306.12
2025-02-17,215000.0,220000.0,330000.0,1078.75,199.3,203.94,305.91
2025-02-18,216000.0,221500.0,331400.0,1079.0,200.19,205.28,307.14
2025-02-19,217000.0,223000.0,331400.0,1079.0,201.11,206.67,307.14
2025-02-20,218000.0,223000.0,332000.0,1079.25,201.99,206.62,307.62
2025-02-21,215000.0,226000.0,330000.0,1080.25,199.03,209.21,305.48
2025-02-24,212000.0,226000.0,326000.0,1080.5,196.21,209.16,301.71
2025-02-25,211500.0,225000.0,330000.0,1081.0,195.65,208.14,305.27
2025-02-26,214500.0,224500.0,330000.0,1081.25,198.38,207.63,305.2
2025-02-27,214800.0,221200.0,331000.0,1081.75,198.57,204.48,305.99
2025-02-28,214800.0,219500.0,322500.0,1084.25,198.11,202.44,297.44
2025-03-05,208500.0,213000.0,318500.0,1084.5,192.25,196.4,293.68
2025-03-06,212000.0,212000.0,329000.0,1084.5,195.48,195.48,303.37
2025-03-07,210000.0,214000.0,330000.0,1086.0,193.37,197.05,303.87
2025-03-10,207500.0,215000.0,328500.0,1086.25,191.02,197.93,302.42
2025-03-11,208000.0,222500.0,329000.0,1086.25,191.48,204.83,302.88
2025-03-12,206000.0,223500.0,320500.0,1086.25,189.64,205.75,295.05
2025-03-13,207500.0,224000.0,320000.0,1086.5,190.98,206.17,294.52
2025-03-14,207000.0,230000.0,320000.0,1088.0,190.26,211.4,294.12
2025-03-17,206500.0,230000.0,321000.0,1088.25,189.75,211.35,294.97
2025-03-18,207400.0,233000.0,325000.0,1088.5,190.54,214.06,298.58
2025-03-19,208500.0,236000.0,327500.0,1089.25,191.42,216.66,300.67
2025-03-20,210000.0,235000.0,328000.0,1089.5,192.75,215.7,301.06
2025-03-21,210000.0,235500.0,327500.0,1091.0,192.48,215.86,300.18
2025-03-25,209000.0,235000.0,330500.0,1091.25,191.52,215.35,302.86
2025-03-26,210000.0,235000.0,340000.0,1091.5,192.4,215.3,311.5
2025-03-27,209000.0,235000.0,343000.0,1091.75,191.44,215.25,314.17
2025-03-28,208000.0,235000.0,343000.0,1093.0,190.3,215.0,313.82
2025-04-03,213500.0,235000.0,315000.0,1094.5,195.07,214.71,287.8
2025-04-04,214500.0,235000.0,310000.0,1095.5,195.8,214.51,282.98
2025-04-08,218000.0,235000.0,320000.0,1096.0,198.91,214.42,291.97
2025-04-09,222000.0,239900.0,324000.0,1096.5,202.46,218.79,295.49
2025-04-10,224500.0,239000.0,325000.0,1096.75,204.7,217.92,296.33
2025-04-11,225000.0,239000.0,330000.0,1097.5,205.01,217.77,300.68
2025-04-14,230000.0,240000.0,330000.0,1230.0,186.99,195.12,268.29
2025-04-16,232000.0,248000.0,317000.0,1160.0,200.0,213.79,273.28
2025-04-21,216000.0,227850.0,302500.0,1110.0,194.59,205.27,272.52
2025-04-22,220000.0,228500.0,304500.0,1120.0,196.43,204.02,271.88
2025-04-24,231000.0,240000.0,315000.0,1190.0,194.12,201.68,264.71
2025-04-25,233000.0,243000.0,310000.0,1190.0,195.8,204.2,260.5
2025-04-28,231000.0,235000.0,310000.0,1190.0,194.12,197.48,260.5
2025-04-29,228000.0,233000.0,302000.0,1180.0,193.22,197.46,255.93
2025-05-05,221000.0,231000.0,308000.0,1210.0,182.64,190.91,254.55
2025-05-06,223500.0,234000.0,316500.0,1215.0,183.95,192.59,260.49
2025-05-07,210000.0,220800.0,303000.0,1140.0,184.21,193.68,265.79
2025-05-08,204000.0,221000.0,300000.0,1130.0,180.53,195.58,265.49
2025-05-09,207000.0,225400.0,310000.0,1150.0,180.0,196.0,269.57
2025-05-12,207000.0,222400.0,310000.0,1150.0,180.0,193.39,269.57
2025-05-14,208000.0,224000.0,305000.0,1150.0,180.87,194.78,265.22
2025-05-15,211000.0,224500.0,308000.0,1150.0,183.48,195.22,267.83
2025-05-19,210000.0,225000.0,312500.0,1155.0,181.82,194.81,270.56
2025-05-20,212000.0,226700.0,315000.0,1160.0,182.76,195.43,271.55
2025-05-21,213000.0,228500.0,315000.0,1160.0,183.62,196.98,271.55
2025-05-23,206000.0,225000.0,307500.0,1150.0,179.13,195.65,267.39
2025-05-26,207000.0,226800.0,311000.0,1160.0,178.45,195.52,268.1
2025-05-27,210800.0,228500.0,314000.0,1170.0,180.17,195.3,268.38
2025-05-28,210000.0,230000.0,310000.0,1175.0,178.72,195.74,263.83
2025-05-29,209700.0,234800.0,317000.0,1195.0,175.48,196.49,265.27
2025-05-30,209000.0,235800.0,320000.0,1200.0,174.17,196.5,266.67
2025-06-02,205000.0,234300.0,320000.0,1200.0,170.83,195.25,266.67
2025-06-03,205200.0,234900.0,322500.0,1200.0,171.0,195.75,268.75
2025-06-04,205000.0,235300.0,323000.0,1200.0,170.83,196.08,269.17
2025-06-05,206500.0,236400.0,323500.0,1205.0,171.37,196.18,268.46
2025-06-06,203700.0,235300.0,321300.0,1200.0,169.75,196.08,267.75
2025-06-09,202900.0,234000.0,320000.0,1200.0,169.08,195.0,266.67
2025-06-10,202800.0,235500.0,320800.0,1200.0,169.0,196.25,267.33
2025-06-11,205000.0,232250.0,326000.0,1200.0,170.83,193.54,271.67
2025-06-12,205000.0,232850.0,323800.0,1200.0,170.83,194.04,269.83
2025-06-13,205500.0,232500.0,327000.0,1200.0,171.25,193.75,272.5
2025-06-17,201000.0,230200.0,326900.0,1185.0,169.62,194.26,275.86
2025-06-18,198000.0,226700.0,318200.0,1160.0,170.69,195.43,274.31
2025-06-19,200000.0,230600.0,319400.0,1180.0,169.49,195.42,270.68
2025-06-23,202000.0,232400.0,319500.0,1185.0,170.46,196.12,269.62
2025-06-24,200000.0,233100.0,323000.0,1195.0,167.36,195.06,270.29
2025-06-25,201000.0,236500.0,321000.0,1205.0,166.8,196.27,266.39
2025-06-26,201800.0,236100.0,321000.0,1205.0,167.47,195.93,266.39
2025-06-27,201500.0,236000.0,321000.0,1205.0,167.22,195.85,266.39
2025-06-30,202100.0,238600.0,321000.0,1215.0,166.34,196.38,264.2
2025-07-02,204000.0,241500.0,315000.0,1245.0,163.86,193.98,253.01
2025-07-03,208700.0,241950.0,315000.0,1245.0,167.63,194.34,253.01
2025-07-04,206000.0,243700.0,315000.0,1260.0,163.49,193.41,250.0
2025-07-07,210000.0,244700.0,315000.0,1280.0,164.06,191.17,246.09
2025-07-08,208500.0,243000.0,315000.0,1275.0,163.53,190.59,247.06
2025-07-10,211820.0,243000.0,320000.0,1275.0,166.13,190.59,250.98
2025-07-11,213000.0,245000.0,323000.0,1275.0,167.06,192.16,253.33
2025-07-14,215900.0,250000.0,330000.0,1295.0,166.72,193.05,254.83
2025-07-15,218000.0,246400.0,330000.0,1280.0,170.31,192.5,257.81
2025-07-16,219900.0,249700.0,330000.0,1275.0,172.47,195.84,258.82
2025-07-17,221000.0,251500.0,335000.0,1290.0,171.32,194.96,259.69
2025-07-18,222000.0,255200.0,340000.0,1300.0,170.77,196.31,261.54
2025-07-21,218000.0,253200.0,338500.0,1300.0,167.69,194.77,260.38
2025-07-22,216000.0,253500.0,336000.0,1275.0,169.41,198.82,263.53
2025-07-23,222000.0,252500.0,340000.0,1275.0,174.12,198.04,266.67
2025-07-24,226100.0,256000.0,341500.0,1285.0,175.95,199.22,265.76
2025-07-28,227600.0,260000.0,360000.0,1305.0,174.41,199.23,275.86
2025-07-31,244350.0,275500.0,385000.0,1380.0,177.07,199.64,278.99
2025-08-01,241200.0,273800.0,389000.0,1375.0,175.42,199.13,282.91
2025-08-04,241100.0,273000.0,395000.0,1370.0,175.99,199.27,288.32
2025-08-05,237500.0,268000.0,392000.0,1350.0,175.93,198.52,290.37
2025-08-06,232800.0,268000.0,390000.0,1345.0,173.09,199.26,289.96
2025-08-07,231800.0,266800.0,390300.0,1340.0,172.99,199.1,291.27
2025-08-08,233100.0,269985.0,390000.0,1335.0,174.61,202.24,292.13
2025-08-11,229770.0,266540.0,385000.0,1335.0,172.11,199.66,288.39
2025-08-12,227000.0,265000.0,390000.0,1330.0,170.68,199.25,293.23
2025-08-13,226900.0,264700.0,390000.0,1325.0,171.25,199.77,294.34
2025-08-14,224600.0,262000.0,384000.0,1310.0,171.45,200.0,293.13
2025-08-18,227000.0,260650.0,380000.0,1315.0,172.62,198.21,288.97
2025-08-19,225300.0,260550.0,380500.0,1310.0,171.98,198.89,290.46
2025-08-20,226500.0,262270.0,385000.0,1315.0,172.24,199.44,292.78
2025-08-21,229200.0,265120.0,390000.0,1325.0,172.98,200.09,294.34
2025-08-22,230500.0,266200.0,392000.0,1335.0,172.66,199.4,293.63
2025-08-25,237450.0,274000.0,400000.0,1370.0,173.32,200.0,291.97
2025-08-26,235800.0,272200.0,400000.0,1370.0,172.12,198.69,291.97
2025-08-27,230500.0,270000.0,394000.0,1360.0,169.49,198.53,289.71
2025-08-28,227700.0,265500.0,387000.0,1345.0,169.29,197.4,287.73
2025-08-29,233275.0,66600.0,389000.0,1360.0,171.53,48.97,286.03
2025-09-01,240000.0,273000.0,395000.0,1360.0,176.47,200.74,290.44
2025-09-02,237000.0,271000.0,400000.0,1375.0,172.36,197.09,290.91
2025-09-03,237000.0,270500.0,395000.0,1375.0,172.36,196.73,287.27
2025-09-04,238000.0,271000.0,400000.0,1375.0,173.09,197.09,290.91
2025-09-05,242300.0,270000.0,400000.0,1380.0,175.58,195.65,289.86
2025-09-09,248000.0,282500.0,415000.0,1425.0,174.04,198.25,291.23
2025-09-10,249000.0,282900.0,420000.0,1435.0,173.52,197.14,292.68
2025-09-11,250500.0,284600.0,425000.0,1445.0,173.36,196.96,294.12
2025-09-12,254900.0,281600.0,435000.0,1465.0,173.99,192.22,296.93
2025-09-15,257500.0,284000.0,440000.0,1465.0,175.77,193.86,300.34
2025-09-16,263000.0,281800.0,440000.0,1480.0,177.7,190.41,297.3
2025-09-17,263800.0,281300.0,440000.0,1485.0,177.64,189.43,296.3
2025-09-18,264000.0,281300.0,440000.0,1495.0,176.59,188.16,294.31
2025-09-19,263900.0,278540.0,439800.0,1515.0,174.19,183.85,290.3
2025-09-22,258800.0,279000.0,505000.0,1515.0,170.83,184.16,333.33
2025-09-23,258400.0,272000.0,493000.0,1385.0,186.57,196.39,355.96
2025-09-24,250000.0,265700.0,461000.0,1360.0,183.82,195.37,338.97
2025-09-29,242000.0,262000.0,475000.0,1350.0,179.26,194.07,351.85
2025-09-30,246780.0,266000.0,480000.0,1400.0,176.27,190.0,342.86
2025-10-01,248800.0,275730.0,495000.0,1450.0,171.59,190.16,341.38
2025-10-02,250540.0,276020.0,499800.0,1450.0,172.79,190.36,344.69
